nid,vram,func,words,call_sites,argc,stack_args,returns,leaf,sdk_calls,reaches,sdk_reexport
0xFDD168CA,0x025CE4,func_00025CE4,126,1297,8,0,1,0,,,
0x8EA6B1E7,0x025EDC,func_00025EDC,10,1092,5,0,1,1,,,
0x10F3BB61,0x009F0C,func_00009F0C,54,1064,3,0,1,0,,,
0x2AE3C0AD,0x03C29C,func_0003C29C,3,924,1,0,0,0,,ThreadManForUser;sceAtrac3plus;sceSasCore,
0xCABEA834,0x026BC8,func_00026BC8,24,632,2,0,1,0,,,
0xE58C0FDC,0x030998,func_00030998,122,622,2,0,1,0,,,
0x9EA6989A,0x020630,func_00020630,2,570,2,0,0,0,,,
0x942B03D0,0x040C70,func_00040C70,5,498,2,0,0,0,,,
0xE5738C32,0x05D4B0,func_0005D4B0,19,490,1,0,1,0,,,
0xE6E4401F,0x02701C,func_0002701C,20,473,3,0,1,0,,,
0xF462EE6E,0x02543C,func_0002543C,122,458,2,0,1,0,,,
0x1EC5342B,0x02530C,func_0002530C,11,456,1,0,1,1,,,
0xDFCA450B,0x0251F4,func_000251F4,70,447,2,0,1,1,,,
0x60B55A50,0x040CA0,func_00040CA0,14,433,1,0,1,0,,,
0x4F22C9AA,0x021EB4,func_00021EB4,34,397,1,0,0,1,,,
0xF2BD0694,0x021F3C,func_00021F3C,26,355,0,0,0,1,,,
0x4175E3DB,0x025624,func_00025624,112,339,2,0,1,0,,,
0xF8CDBCAB,0x021FA4,func_00021FA4,28,338,0,0,0,1,,,
0xB8AD96EA,0x0432FC,func_000432FC,12,336,1,0,1,0,,,
0xA4AFF8E6,0x04332C,func_0004332C,6,335,0,0,1,0,,,
0x31454993,0x054928,func_00054928,9,333,0,0,1,0,,,
0xC6C15111,0x01E994,func_0001E994,35,292,3,0,1,0,,,
0x8171F765,0x0305D4,func_000305D4,17,287,1,0,1,1,,,
0xD4DE5DD8,0x057280,func_00057280,10,267,0,0,1,0,,,
0x20E340D9,0x022CEC,func_00022CEC,37,266,1,0,1,0,,,
0xAB7592FF,0x009B2C,func_00009B2C,73,257,3,0,1,1,,,
0x9EFDC9B9,0x021994,func_00021994,10,253,0,0,0,1,,,
0xCF199BAE,0x02CE00,func_0002CE00,2,253,0,0,0,0,,,
0xA72D71BF,0x02CE08,func_0002CE08,2,240,0,0,0,0,,,
0xF5E3080C,0x024BF8,func_00024BF8,3,237,0,0,1,1,,,
0xB2B9FEFA,0x01F534,func_0001F534,3,228,0,0,1,1,,,
0x41AABF28,0x022B90,func_00022B90,2,210,2,0,0,0,,,
0x98E07D26,0x02CDF0,func_0002CDF0,2,210,0,0,0,0,,,
0x247C7989,0x0220F4,func_000220F4,28,203,6,0,0,0,,,
0x48B2E54A,0x05407C,func_0005407C,21,203,2,0,0,0,,,
0x66F8E113,0x040CE4,func_00040CE4,28,202,1,0,1,0,,sceLibFont,
0x39ADDA9F,0x02DFD0,func_0002DFD0,393,188,1,0,1,0,,ThreadManForUser;sceAtrac3plus;sceSasCore,
0x23E69878,0x026718,func_00026718,30,186,2,0,1,0,,,
0xE62CCE79,0x02CDF8,func_0002CDF8,2,182,0,0,0,0,,,
0xA19EF6B5,0x026B68,func_00026B68,24,180,2,0,1,0,,,
0x747753B8,0x02CE18,func_0002CE18,2,178,0,0,0,0,,,
0xF1BC43DB,0x047268,func_00047268,9,171,0,0,0,0,,ThreadManForUser,
0x0089B865,0x021BB0,func_00021BB0,14,168,1,0,0,1,,,
0x13A4081A,0x02F52C,func_0002F52C,43,166,1,0,1,0,,Kernel_Library;sceGe_user,
0xFAA0B5CD,0x0540D0,func_000540D0,11,164,0,0,1,0,,,
0xA38AA0E9,0x013A20,func_00013A20,81,152,0,0,1,0,,,
0xCC7A2A21,0x05D0DC,func_0005D0DC,62,150,1,0,1,0,,,
0xE1139F1A,0x02E6F8,func_0002E6F8,13,146,1,0,0,0,,,
0x025FE238,0x055E54,func_00055E54,8,145,2,0,1,1,,,
0x88B6C7F0,0x02FEB0,func_0002FEB0,3,137,0,0,1,1,,,
0x0D801700,0x013B64,func_00013B64,81,135,0,0,1,0,,,
0x09794DF0,0x02706C,func_0002706C,34,131,3,0,1,0,,,
0x5CBB9E43,0x0278A0,func_000278A0,32,130,6,0,1,0,,,
0xEED9C836,0x05D4FC,func_0005D4FC,9,123,0,0,1,0,,,
0x295BF133,0x014B7C,func_00014B7C,5,117,1,0,1,1,,,
0x831C5769,0x01B028,func_0001B028,49,116,3,0,1,0,,,
0x133DA48C,0x05D520,func_0005D520,9,114,0,0,1,0,,,
0x7187E0F0,0x01B3A0,func_0001B3A0,165,111,3,0,1,0,,,
0xB89D38DC,0x0416B0,func_000416B0,159,108,4,0,1,0,,sceLibFont,
0xC9D9E989,0x043184,func_00043184,17,105,1,0,0,1,,,
0xD853F15C,0x0431DC,func_000431DC,17,105,1,0,0,1,,,
0x2012884C,0x02D210,func_0002D210,195,104,1,0,1,0,,ThreadManForUser;sceAtrac3plus;sceLibFont;sceSasCore,
0xC792FA38,0x04328C,func_0004328C,17,102,1,0,0,1,,,
0x7661E728,0x00C950,func_0000C950,34,97,8,0,1,0,,Kernel_Library;SysMemUserForUser,
0xB0F320E6,0x02E6B4,func_0002E6B4,17,96,1,0,0,0,,,
0xEF9B5D06,0x02D51C,func_0002D51C,685,94,2,0,1,0,,sceLibFont,
0x85F89FE8,0x01E434,func_0001E434,30,93,1,0,1,0,,,
0x67312719,0x05D73C,func_0005D73C,9,93,0,0,1,0,,,
0x89812D8A,0x01E4AC,func_0001E4AC,26,91,1,0,1,0,,,
0x6F2C8118,0x05D2FC,func_0005D2FC,67,91,2,0,1,1,,,
0x2EB1BD8B,0x021C24,func_00021C24,16,89,1,0,0,1,,,
0xD470D0B2,0x03F988,func_0003F988,45,88,3,0,0,0,,,
0x1738DF69,0x05D668,func_0005D668,16,85,0,0,1,0,,,
0x1460C6FD,0x02F4D8,func_0002F4D8,3,82,0,0,1,1,,,
0x5998BFD7,0x03FA3C,func_0003FA3C,45,80,3,0,0,0,,,
0x450CD6C5,0x03FAF0,func_0003FAF0,6,77,0,0,1,1,,,
0xBC8E65D7,0x042604,func_00042604,353,77,5,0,1,0,sceGe_user_E47E40E4,Kernel_Library;sceGe_user;sceLibFont,
0x4BF558F1,0x030530,func_00030530,6,75,1,0,0,1,,,
0x1B00FB95,0x00B3EC,func_0000B3EC,598,73,4,0,1,0,,,
0x760919BF,0x02CE28,func_0002CE28,2,68,0,0,0,0,,,
0x20560342,0x0275CC,func_000275CC,51,66,5,0,1,0,,,
0xD697947E,0x01610C,func_0001610C,16,64,3,0,1,1,,,
0xCE8B1945,0x01B12C,func_0001B12C,2,64,2,0,0,0,,,
0x4C4AB33C,0x05D644,func_0005D644,9,64,0,0,1,0,,,
0x13A603EB,0x015FE8,func_00015FE8,8,63,1,0,1,1,,,
0x82E739A4,0x055DF4,func_00055DF4,9,60,1,0,1,1,,,
0xC87BAB32,0x04050C,func_0004050C,44,59,8,0,1,0,,Kernel_Library;SysMemUserForUser;sceLibFont,
0xEC6F1CF2,0x00CF48,func_0000CF48,34,58,2,0,1,1,,,
0x399AC68A,0x027B24,func_00027B24,4,57,2,0,1,1,,,
0x42110BF9,0x027B34,func_00027B34,4,57,2,0,1,1,,,
0xED7A3401,0x055EB8,func_00055EB8,17,57,2,0,1,0,,,
0xF1CE796C,0x0150EC,func_000150EC,6,56,1,0,1,1,,,
0xE1359B02,0x050C14,func_00050C14,18,56,1,0,1,0,,,
0x885E0882,0x030254,func_00030254,3,55,0,0,1,1,,,
0x33ED567B,0x0430D4,func_000430D4,17,55,1,0,0,1,,,
0x5739D1F8,0x022048,func_00022048,5,54,1,0,0,1,,,
0x7B1755CF,0x0272E8,func_000272E8,27,54,0,0,1,0,,,
0x6367AE39,0x03C330,func_0003C330,3,54,1,0,0,0,,ThreadManForUser;sceAtrac3plus;sceSasCore,
0x8288EEBC,0x018E30,func_00018E30,6,53,6,0,1,0,,ThreadManForUser,
0x1D98951B,0x027B14,func_00027B14,4,53,2,0,1,1,,,
0xE50B9594,0x0565C0,func_000565C0,636,53,8,0,1,0,,,
0x21F9E97E,0x02CE4C,func_0002CE4C,6,52,2,0,1,0,,,
0xC62F9EAC,0x027B44,func_00027B44,115,51,2,0,1,0,,,
0x0D00F3B7,0x02ACB0,func_0002ACB0,86,51,1,0,1,0,,,
0xAD0E1E03,0x02CDD0,func_0002CDD0,2,50,0,0,0,0,,,
0x878EE1D3,0x03FB38,func_0003FB38,146,49,1,0,1,0,,,
0x2FD4863E,0x040D54,func_00040D54,28,49,0,0,1,1,,,
0x476FD94A,0x00CD24,func_0000CD24,41,48,1,0,1,0,,,
0xF59F3BD3,0x04B79C,func_0004B79C,9,48,0,0,0,0,,,
0xF293756B,0x0160BC,func_000160BC,10,47,3,0,1,1,,,
0x249F5AD0,0x02CE30,func_0002CE30,2,47,0,0,0,0,,,
0xEF9740B0,0x022014,func_00022014,13,45,1,0,0,1,,,
0xED818642,0x054304,func_00054304,17,45,1,0,1,0,,,
0xD2A768F4,0x019B40,func_00019B40,96,43,2,0,1,0,ThreadManForUser_B011B11F;ThreadManForUser_6B30100F;sceIoGetstat,IoFileMgrForUser;Kernel_Library;SysMemUserForUser;ThreadManForUser;sceUmdUser,
0x558B2DCB,0x01B0EC,func_0001B0EC,16,42,1,0,1,0,,,
0x42C464D5,0x021BE8,func_00021BE8,15,42,1,0,0,1,,,
0x81857D14,0x054ECC,func_00054ECC,23,42,1,0,1,0,,,
0x4AA58320,0x04312C,func_0004312C,17,41,1,0,0,1,,,
0xAB962AE7,0x0432E4,func_000432E4,3,41,1,0,0,1,,,
0x9D7372E0,0x052100,func_00052100,14,41,1,0,1,0,,,
0x4B0DABFA,0x01E654,func_0001E654,16,40,2,0,1,0,,,
0xA200D82D,0x0572A8,func_000572A8,11,40,0,0,0,0,sceRtcGetCurrentTick,sceRtc,
0x78191357,0x05D6CC,func_0005D6CC,19,40,0,0,1,0,,,
0x32ED1675,0x05D7CC,func_0005D7CC,9,40,0,0,1,0,,,
0x8634FBA0,0x021A5C,func_00021A5C,20,38,0,0,0,1,,,
0xC859D5FE,0x03C1E0,func_0003C1E0,4,38,1,0,0,0,,ThreadManForUser,
0x3BB2BAC6,0x04192C,func_0004192C,269,38,7,0,1,0,,sceLibFont,
0xD7AFA174,0x052FEC,func_00052FEC,12,38,1,0,1,0,,,
0xBA5DC138,0x014E20,func_00014E20,12,37,2,0,1,1,,,
0xF203CF01,0x02CE20,func_0002CE20,2,37,0,0,0,0,,,
0xBA0DA4DE,0x04B7C0,func_0004B7C0,9,37,0,0,0,0,,,
0xCEA78CA6,0x05EE0C,func_0005EE0C,4,37,1,0,0,0,,,
0x7AB35214,0x00D02C,func_0000D02C,96,36,3,0,1,0,,,
0xCD8623A1,0x015118,func_00015118,10,36,2,0,1,1,,,
0xFDAFCF3A,0x01E284,func_0001E284,108,36,2,0,1,1,,,
0xB4F2178B,0x02743C,func_0002743C,11,36,0,0,1,0,,,
0x7448DF81,0x05D718,func_0005D718,9,36,0,0,1,0,,,
0xFFA11C10,0x03C0F0,func_0003C0F0,38,34,2,0,0,0,,,
0xBB859AB5,0x05F108,func_0005F108,17,34,1,0,1,0,,,
0x28F7224B,0x02C4AC,func_0002C4AC,11,33,0,0,1,0,,,
0xFE91A2EC,0x02CE38,func_0002CE38,3,33,1,0,0,0,,,
0xC0AB8932,0x00CEDC,func_0000CEDC,27,32,2,0,1,1,,,
0x56D1651D,0x02CE44,func_0002CE44,2,32,2,0,0,0,,,
0x0941BAC6,0x043234,func_00043234,17,32,1,0,0,1,,,
0xD907D31A,0x0521D0,func_000521D0,145,32,2,0,0,0,,,
0x630446E3,0x05DDC8,func_0005DDC8,40,32,1,0,1,0,,,
0x572A577B,0x026F9C,func_00026F9C,32,31,5,0,1,0,,,
0x5DF04F49,0x03D260,func_0003D260,25,31,1,0,1,0,,,
0x8477BA04,0x050EC8,func_00050EC8,26,31,2,0,1,0,,,
0x7B47DFE9,0x052EE4,func_00052EE4,12,31,1,0,1,0,,,
0x006C8EE8,0x014940,func_00014940,14,30,3,0,1,1,,,
0xB08EC132,0x021A0C,func_00021A0C,20,30,0,0,0,1,,,
0x30FECAEF,0x03CF54,func_0003CF54,23,30,2,0,0,0,,,
0x71B237CA,0x04B330,func_0004B330,12,30,1,0,0,0,,,
0x80896C1D,0x05D7F0,func_0005D7F0,22,30,0,0,1,0,,,
0x3DE5C8DC,0x026E94,func_00026E94,66,29,6,0,1,0,,,
0x50B8DF28,0x03CFB0,func_0003CFB0,76,29,2,0,1,0,,sceLibFont,
0x3C1C1F65,0x04FEDC,func_0004FEDC,10,29,0,0,1,0,,,
0xB27BC15D,0x054BB0,func_00054BB0,12,29,1,0,1,0,,,
0x93517477,0x05EB64,func_0005EB64,4,29,1,0,0,0,,,
0xD3890ECB,0x014CA8,func_00014CA8,13,28,3,0,1,1,,,
0x1856E536,0x02296C,func_0002296C,122,28,2,0,1,0,,Kernel_Library;SysMemUserForUser,
0xB401BB25,0x053150,func_00053150,12,28,1,0,1,0,,,
0xCFC58802,0x014B90,func_00014B90,8,27,2,0,1,1,,,
0xA3B7A6E9,0x0219BC,func_000219BC,20,27,0,0,0,1,,,
0x97DD82F2,0x0257E4,func_000257E4,63,27,6,0,1,0,,,
0x93EACD81,0x02C4D8,func_0002C4D8,12,27,0,0,1,0,,,
0xAA9913C7,0x03C3C8,func_0003C3C8,2,27,1,0,0,0,,,
0x68D242C5,0x05EFB0,func_0005EFB0,17,27,1,0,1,0,,,
0x89EE81BB,0x015990,func_00015990,19,26,3,0,1,1,,,
0x91EFFDC1,0x016028,func_00016028,17,26,2,0,1,1,,,
0xDCFC7586,0x025394,func_00025394,42,26,2,0,1,0,,,
0x0939B6BE,0x0265DC,func_000265DC,56,26,5,0,1,0,,,
0xC3542E68,0x05475C,func_0005475C,38,26,1,0,1,0,,,
0x3A7E4F65,0x055E74,func_00055E74,17,26,3,0,1,1,,,
0x3E24ACE1,0x027354,func_00027354,27,25,0,0,1,0,,,
0xBB22B13B,0x0296FC,func_000296FC,114,25,2,0,1,0,,Kernel_Library;sceGe_user,
0xBE3756D0,0x03C210,func_0003C210,16,25,1,0,0,0,,ThreadManForUser;sceAtrac3plus;sceSasCore,
0x960D020F,0x054664,func_00054664,62,25,2,0,0,0,,,
0xD934BB27,0x05D580,func_0005D580,49,25,0,0,1,0,,,
0xA677A57C,0x05D914,func_0005D914,53,25,1,0,1,0,,,
0xE47E40E4,0x06E464,sceGe_user_E47E40E4,0,25,0,0,0,1,,sceGe_user,sceGe_user
0x3EB35691,0x00CC3C,func_0000CC3C,58,24,2,0,1,1,,,
0x29D1B9D5,0x0158DC,func_000158DC,13,24,1,0,1,1,,,
0x6786E0EF,0x0161E8,func_000161E8,13,24,3,0,1,1,,,
0xC2E59A21,0x018A04,func_00018A04,59,24,3,0,1,0,,,
0x8CA1052F,0x021CBC,func_00021CBC,37,24,0,0,0,1,,,
0x9F25AE2F,0x029480,func_00029480,159,24,2,0,1,0,,,
0x14BFFB01,0x03D2C4,func_0003D2C4,190,24,2,0,1,0,,sceLibFont,
0x82249188,0x04B6B4,func_0004B6B4,12,24,1,0,0,0,,,
0x914562B0,0x05EC10,func_0005EC10,4,24,1,0,0,0,,,
0xF17C5C28,0x0270F4,func_000270F4,20,23,3,0,1,0,,,
0xFCB00A02,0x02CE10,func_0002CE10,2,23,1,0,0,0,,,
0x40D6B29D,0x02EA9C,func_0002EA9C,65,23,6,0,1,0,,,
0xAB18E04A,0x04C9AC,func_0004C9AC,10,23,8,0,0,1,,,
0x1CBB2C1C,0x05353C,func_0005353C,19,23,2,0,1,0,,,
0xC1E38FF7,0x05365C,func_0005365C,45,23,3,0,1,0,,,
0x4D9EA10E,0x05EE5C,func_0005EE5C,4,23,1,0,0,0,,,
0xB693AF8E,0x017D20,func_00017D20,25,22,2,0,1,1,,,
0x4E8B47D4,0x024558,func_00024558,18,22,0,0,1,1,,,
0xD8A0DB10,0x02F928,func_0002F928,7,22,0,0,1,1,,,
0x7B8EF3EC,0x044914,func_00044914,46,22,2,0,0,0,,,
0xD9E13A6A,0x052F80,func_00052F80,27,22,2,0,0,0,,,
0xA4B2A31B,0x053D50,func_00053D50,10,22,0,0,1,0,,,
0x8CFD5EC1,0x054F84,func_00054F84,48,22,1,0,0,0,,,
0xEA748E31,0x06E15C,sceKernelChangeCurrentThreadAttr,0,22,0,0,0,1,sceKernelChangeCurrentThreadAttr,ThreadManForUser,ThreadManForUser:sceKernelChangeCurrentThreadAttr()
0xC8DF61CD,0x027708,func_00027708,22,21,4,0,1,0,,,
0x5DBE93DB,0x0361B8,func_000361B8,7,21,1,0,0,1,,,
0x06A1D1D8,0x03C384,func_0003C384,2,21,0,0,0,0,,,
0xB2389187,0x050B1C,func_00050B1C,32,21,2,0,1,0,,,
0xB2584E43,0x053DC0,func_00053DC0,21,21,1,0,1,0,,,
0x735EA15C,0x05EEAC,func_0005EEAC,4,21,1,0,0,0,,,
0xB8A55300,0x0063F0,func_000063F0,3,20,1,0,0,0,,,
0x81D0D1F7,0x009A98,func_00009A98,37,20,3,0,1,1,,,
0x767DE7AB,0x01504C,func_0001504C,16,20,2,0,1,1,,,
0x8F7249A7,0x02F4FC,func_0002F4FC,3,20,1,0,0,1,,,
0x2717C28C,0x0361A8,func_000361A8,4,20,1,0,1,1,,,
0x101103B3,0x0361D4,func_000361D4,18,20,1,0,1,1,,,
0x94A4EC34,0x03C0C4,func_0003C0C4,11,20,1,0,1,0,,,
0x5F00A362,0x042B88,func_00042B88,97,20,2,0,1,0,,sceLibFont,
0xA43AE5C3,0x04B884,func_0004B884,9,20,0,0,0,0,,,
0x97F24E9A,0x052630,func_00052630,145,20,2,0,0,0,,,
0xC4FA973E,0x052CF8,func_00052CF8,45,20,2,0,0,0,,,
0x481242AF,0x0551CC,func_000551CC,43,20,3,0,0,0,,,
0x8CBC1795,0x059A7C,func_00059A7C,53,20,1,0,1,0,,Kernel_Library;SysMemUserForUser,
0x0A67ED6C,0x05D784,func_0005D784,9,20,0,0,1,0,,,
0xB92CF901,0x05D7A8,func_0005D7A8,9,20,0,0,1,0,,,
0xF05B1732,0x05EDA8,func_0005EDA8,17,20,1,0,1,0,,,
0x8B0A8B96,0x016278,func_00016278,23,19,2,0,1,1,,,
0xD767C29F,0x0245A0,func_000245A0,59,19,0,0,1,0,ModuleMgrForUser_D1FF982A;ModuleMgrForUser_2E0911AA;sceUtilityUnloadModule,ModuleMgrForUser;sceUtility,
0x3765ED01,0x028DE0,func_00028DE0,225,19,2,0,1,0,,,
0xD5D33185,0x03C1F0,func_0003C1F0,2,19,1,0,0,0,,ThreadManForUser;sceAtrac3plus;sceSasCore,
0x96AEAC25,0x052874,func_00052874,163,19,1,0,1,0,,,
0xE9550159,0x0552B4,func_000552B4,15,19,1,0,0,0,,,
0x9090346C,0x05892C,func_0005892C,20,19,3,0,1,1,,,
0x1FE543F1,0x0155D4,func_000155D4,12,18,2,0,1,1,,,
0x96BC2DC8,0x02442C,func_0002442C,6,18,1,0,0,0,,ThreadManForUser;sceUtility,
0x8AC7E9E7,0x03D70C,func_0003D70C,96,18,1,0,1,0,,sceLibFont,
0x6B9DF7E8,0x03D88C,func_0003D88C,67,18,6,0,0,0,,,
0x67953A3E,0x04B3FC,func_0004B3FC,12,18,1,0,0,0,,sceNetAdhoc;sceNetAdhocMatching,
0x639AE71F,0x059588,func_00059588,20,18,1,0,1,0,,,
0xCFD504DA,0x05D544,func_0005D544,15,18,0,0,1,0,,,
0x348F1A33,0x027810,func_00027810,18,17,2,0,1,0,,,
0x6FFA2A28,0x03B008,func_0003B008,104,17,2,0,1,0,,IoFileMgrForUser;Kernel_Library;SysMemUserForUser;ThreadManForUser;sceUmdUser,
0x6E42DDCD,0x03C204,func_0003C204,3,17,0,0,0,0,,ThreadManForUser;sceAtrac3plus;sceSasCore,
0x65DA0419,0x03C2FC,func_0003C2FC,2,17,1,0,0,0,,ThreadManForUser;sceAtrac3plus;sceSasCore,
0xCA477B34,0x04B6E4,func_0004B6E4,17,17,2,0,0,0,,,
0x7EBDB800,0x058A24,func_00058A24,8,17,0,0,1,0,,,
0xB2FABBDD,0x0596D4,func_000596D4,3,17,1,0,1,1,,,
0x7F9073E5,0x059B50,func_00059B50,83,17,2,0,0,0,,Kernel_Library;SysMemUserForUser,
0xB6B6E902,0x05DFB4,func_0005DFB4,103,17,1,0,1,0,,,
0x49C27DA2,0x05EF70,func_0005EF70,4,17,1,0,0,0,,,
0x711AC797,0x016AF4,func_00016AF4,9,16,0,0,0,1,,,
0x5DE4869F,0x01F54C,func_0001F54C,29,16,6,0,1,0,,Kernel_Library;sceGe_user,
0xB9064026,0x01F5C0,func_0001F5C0,21,16,1,0,1,0,,Kernel_Library;sceGe_user,
0xE2A5CE8D,0x02B4F0,func_0002B4F0,33,16,3,0,1,0,,,
0x5471DB90,0x02CE8C,func_0002CE8C,2,16,0,0,0,0,,,
0xD9951D8F,0x02F8C0,func_0002F8C0,3,16,0,0,1,1,,,
0xFD84C4D3,0x031C58,func_00031C58,121,16,4,0,1,0,,ThreadManForUser;sceLibFont,
0x291D6262,0x035E70,func_00035E70,46,16,3,0,1,0,,ThreadManForUser,
0x778817A2,0x03B1A8,func_0003B1A8,72,16,0,0,1,0,,Kernel_Library;SysMemUserForUser;ThreadManForUser;sceAtrac3plus;sceLibFont;sceSasCore;sceUtility,
0x82B715FD,0x03C3D0,func_0003C3D0,2,16,1,0,0,0,,,
0x06380DFA,0x0430BC,func_000430BC,3,16,1,0,0,1,,,
0x0D961646,0x0430C8,func_000430C8,3,16,0,0,1,1,,,
0x90281239,0x04FF2C,func_0004FF2C,11,16,0,0,1,0,,,
0xE9F3212D,0x0530C0,func_000530C0,12,16,1,0,1,0,,,
0x16D9A578,0x053E74,func_00053E74,21,16,1,0,1,0,,,
0x6A96E306,0x054420,func_00054420,12,16,1,0,1,0,,,
0x327E7DA1,0x0596C8,func_000596C8,3,16,1,0,1,1,,,
0xCC222EE8,0x05F16C,func_0005F16C,4,16,1,0,0,0,,,
0x317716E5,0x016718,func_00016718,8,15,0,0,0,1,,,
0x30CEF747,0x02E630,func_0002E630,33,15,2,0,0,1,,,
0x1CC5878C,0x031138,func_00031138,44,15,1,0,1,0,,,
0xF60A4259,0x03D6A0,func_0003D6A0,27,15,1,0,1,0,,,
0xBF4D5B0C,0x044784,func_00044784,3,15,0,0,1,1,,,
0x7A41135B,0x052BFC,func_00052BFC,11,15,1,0,1,0,,,
0x50266C2E,0x05D760,func_0005D760,9,15,0,0,1,0,,,
0x79487C92,0x05ECE0,func_0005ECE0,4,15,1,0,0,0,,,
0x41CA0A1C,0x05EF80,func_0005EF80,4,15,1,0,0,0,,,
0xF16047DB,0x0154D0,func_000154D0,8,14,3,0,1,1,,,
0x0A0CC3A4,0x01694C,func_0001694C,9,14,0,0,0,1,,,
0xB4471B5E,0x018688,func_00018688,8,14,3,0,1,1,,,
0xD97274B6,0x02537C,func_0002537C,3,14,0,0,1,1,,,
0x0B962FD4,0x0298E0,func_000298E0,6,14,1,0,1,1,,,
0xD1C6F209,0x02B574,func_0002B574,4,14,0,0,1,0,,,
0xC5D3B70C,0x030270,func_00030270,5,14,3,0,1,0,,,
0xC5BDA06E,0x03B2C8,func_0003B2C8,40,14,0,0,1,0,sceUtilitySavedataUpdate;sceUtilityMsgDialogUpdate,ThreadManForUser;sceAtrac3plus;sceGe_user;sceLibFont;sceSasCore;sceUtility,
0xED17CBAC,0x03C3C0,func_0003C3C0,2,14,0,0,0,0,,,
0x97BB99A5,0x042EAC,func_00042EAC,132,14,4,0,1,0,,sceLibFont,
0xEA018EFE,0x0506B4,func_000506B4,14,14,1,0,1,0,,,
0x442C88C6,0x054500,func_00054500,10,14,0,0,1,0,,,
0x916286F3,0x0595D8,func_000595D8,14,14,0,0,1,0,,,
0x4DB996F6,0x05EAD8,func_0005EAD8,4,14,1,0,0,0,,,
0x3C9CB549,0x05EF0C,func_0005EF0C,4,14,1,0,0,0,,,
0xC07BB470,0x06E0BC,ThreadManForUser_C07BB470,0,14,0,0,0,1,,ThreadManForUser,ThreadManForUser
0xED1410E0,0x06E164,ThreadManForUser_ED1410E0,0,14,0,0,0,1,,ThreadManForUser,ThreadManForUser
0xD979E9BF,0x06E11C,ThreadManForUser_D979E9BF,0,14,0,0,0,1,,ThreadManForUser,ThreadManForUser
0x52DF196C,0x00CFD0,func_0000CFD0,6,13,1,0,1,1,,,
0x310DE5C7,0x015208,func_00015208,7,13,3,0,1,1,,,
0x45D54BCF,0x0162D4,func_000162D4,23,13,2,0,1,1,,,
0x28633E5D,0x01B134,func_0001B134,13,13,1,0,1,1,,,
0x1078C73B,0x022B54,func_00022B54,15,13,1,0,1,0,,Kernel_Library;SysMemUserForUser,
0xA36635DA,0x026E40,func_00026E40,21,13,2,0,1,0,,,
0xEBD1986B,0x028DA0,func_00028DA0,16,13,2,0,0,1,,,
0x60BA0722,0x029288,func_00029288,56,13,1,0,1,0,,,
0x9490E557,0x029A20,func_00029A20,21,13,3,0,1,1,,,
0x4E722BBD,0x02C9E8,func_0002C9E8,29,13,0,0,1,0,,,
0x04E1CB0F,0x03C38C,func_0003C38C,2,13,0,0,0,0,,,
0xFA53F08C,0x03D654,func_0003D654,19,13,1,0,1,0,,,
0x31D0BD26,0x055170,func_00055170,23,13,2,0,1,0,,,
0xC8AF3744,0x056FB0,func_00056FB0,42,13,2,0,1,0,,,
0x5E149703,0x058D74,func_00058D74,22,13,2,0,1,0,,,
0x99FF9D51,0x059568,func_00059568,8,13,0,0,1,0,,,
0x411B4582,0x00630C,func_0000630C,3,12,1,0,1,1,,,
0x73918516,0x015B0C,func_00015B0C,32,12,2,0,1,1,,,
0xB56890DA,0x0266BC,func_000266BC,23,12,3,0,1,0,,,
0x5C1AEE8E,0x026DF8,func_00026DF8,18,12,2,0,1,0,,,
0xCB6030CF,0x02CDE8,func_0002CDE8,2,12,1,0,0,0,,,
0x4510ECA2,0x030260,func_00030260,4,12,2,0,0,0,,,
0xBFFBA174,0x031238,func_00031238,5,12,0,0,0,0,,,
0x08813E19,0x0370E4,func_000370E4,29,12,2,0,0,0,,,
0xC1F72EF5,0x048A78,func_00048A78,802,12,0,0,1,0,,Kernel_Library;ThreadManForUser;sceGe_user;sceLibFont,
0x2A501391,0x050C5C,func_00050C5C,26,12,2,0,0,0,,,
0xC57FD721,0x051640,func_00051640,11,12,0,0,1,0,,,
0x62FD685F,0x054C38,func_00054C38,165,12,2,0,0,0,,,
0xEA7396F6,0x0554F8,func_000554F8,10,12,0,0,1,0,,,
0xB63981BD,0x0558EC,func_000558EC,12,12,1,0,1,0,,,
0x5D9E6261,0x059A44,func_00059A44,14,12,1,0,1,1,,,
0xDA1BEA24,0x05D86C,func_0005D86C,42,12,2,0,1,1,,,
0x65B71542,0x05DEF8,func_0005DEF8,26,12,1,0,1,0,,,
0x58223517,0x05EA98,func_0005EA98,4,12,1,0,0,0,,,
0xAB8CF7CC,0x05EAA8,func_0005EAA8,4,12,1,0,0,0,,,
0xFE08B1FC,0x05EC60,func_0005EC60,4,12,1,0,0,0,,,
0xD83FB4E8,0x05F440,func_0005F440,16,12,2,0,1,0,,,
0xF6414A71,0x06E18C,ThreadManForUser_F6414A71,0,12,0,0,0,1,,ThreadManForUser,ThreadManForUser
0xA025F5D0,0x0153B0,func_000153B0,8,11,2,0,1,1,,,
0xB0BADD91,0x015C0C,func_00015C0C,32,11,2,0,1,1,,,
0x8C23C415,0x017DE4,func_00017DE4,7,11,3,0,1,1,,,
0x7812BD99,0x021B30,func_00021B30,32,11,1,0,0,1,,,
0x578BC0A3,0x027760,func_00027760,22,11,4,0,1,0,,,
0xF566A6A1,0x0277B8,func_000277B8,22,11,4,0,1,0,,,
0x834A6E13,0x03D5BC,func_0003D5BC,20,11,1,0,1,0,,,
0xC721E899,0x03FB08,func_0003FB08,12,11,0,0,0,1,,,
0x50D6F57B,0x0486B4,func_000486B4,42,11,3,0,1,0,,sceLibFont,
0xB779C0DF,0x04875C,func_0004875C,199,11,0,0,1,0,,ThreadManForUser;sceAtrac3plus;sceLibFont;sceSasCore,
0xD1A604C7,0x0497F0,func_000497F0,24,11,1,0,1,0,,Kernel_Library;SysMemUserForUser,
0xC1BE453D,0x04FF04,func_0004FF04,10,11,0,0,1,0,,,
0xA69042CD,0x051B40,func_00051B40,20,11,1,0,1,0,,,
0xBDD2252D,0x05D6A8,func_0005D6A8,9,11,0,0,1,0,,,
0xC7137112,0x05EEDC,func_0005EEDC,4,11,1,0,0,0,,,
0x60054052,0x00BD7C,func_0000BD7C,32,10,0,0,1,0,,,
0x15BE7861,0x0151EC,func_000151EC,7,10,3,0,1,1,,,
0x7D880441,0x016970,func_00016970,10,10,0,0,0,1,,,
0x42144DB8,0x01AF54,func_0001AF54,53,10,2,0,1,0,,,
0x312D660D,0x027410,func_00027410,11,10,0,0,1,0,,,
0x917CC4D5,0x027538,func_00027538,37,10,2,0,1,0,,,
0x53636C1D,0x02B4E4,func_0002B4E4,3,10,0,0,1,1,,,
0xD71FA940,0x02B7D0,func_0002B7D0,10,10,1,0,1,0,,,
0xA22C8F51,0x02B820,func_0002B820,64,10,2,0,1,0,,,
0xD6E0AA6A,0x02BA28,func_0002BA28,3,10,2,0,1,0,,,
0x465BB899,0x02CDD8,func_0002CDD8,2,10,0,0,0,0,,,
0xB7DFD65E,0x02E72C,func_0002E72C,212,10,6,0,1,0,,sceLibFont,
0xF6905EFA,0x03C394,func_0003C394,2,10,2,0,0,0,,,
0xA940A7F6,0x03C3E8,func_0003C3E8,26,10,2,0,1,0,,,
0xD46615D9,0x050878,func_00050878,8,10,0,0,1,0,,,
0x32CB2B73,0x05E2E8,func_0005E2E8,65,10,1,0,1,1,,,
0x0184D16D,0x05E3EC,func_0005E3EC,29,10,1,0,1,1,,,
0x2F061354,0x05E720,func_0005E720,25,10,1,0,1,1,,,
0x0E47B027,0x05EE4C,func_0005EE4C,4,10,1,0,0,0,,,
0xE71B4A22,0x014CDC,func_00014CDC,13,9,3,0,1,1,,,
0x8E537509,0x0153D0,func_000153D0,8,9,2,0,1,1,,,
0x1673F2B1,0x02068C,func_0002068C,148,9,3,0,1,0,,,
0x758DE09D,0x0263D8,func_000263D8,65,9,3,0,1,0,,,
0x723A097D,0x02CDE0,func_0002CDE0,2,9,0,0,0,0,,,
0x680BA5D6,0x031C04,func_00031C04,21,9,2,0,1,0,,Kernel_Library;ThreadManForUser;sceGe_user;sceLibFont,
0x551A8EF2,0x037060,func_00037060,33,9,3,0,1,0,,,
0x60ABAEE7,0x037158,func_00037158,23,9,1,0,1,0,,,
0xD7155BDE,0x03D60C,func_0003D60C,18,9,1,0,1,0,,,
0xD60CF578,0x04BA48,func_0004BA48,12,9,1,0,0,0,,,
0x51007C70,0x0510D4,func_000510D4,9,9,0,0,0,0,,,
0x7002278E,0x05180C,func_0005180C,12,9,0,0,1,0,,,
0x45FA60B1,0x052E70,func_00052E70,15,9,1,0,0,0,,,
0x9753FA81,0x054634,func_00054634,12,9,0,0,1,0,,,
0xE027B544,0x054834,func_00054834,10,9,0,0,1,0,,,
0x53D7C1EE,0x058BB0,func_00058BB0,32,9,2,0,1,0,,,
0x34A7E8C2,0x058CBC,func_00058CBC,28,9,1,0,1,0,,,
0x07CAB9E4,0x05E938,func_0005E938,25,9,1,0,1,1,,,
0xE7BEDD6E,0x05ECA0,func_0005ECA0,4,9,1,0,0,0,,,
0xAF8E6886,0x0167EC,func_000167EC,88,8,0,0,0,1,,,
0x8637BCB2,0x016B38,func_00016B38,10,8,0,0,0,1,,,
0xB8770B92,0x01B2D0,func_0001B2D0,28,8,3,0,0,0,,,
0xC0AB60EF,0x027858,func_00027858,18,8,2,0,1,0,,,
0x459B889D,0x02B584,func_0002B584,15,8,1,0,1,0,,,
0x1C2A8EDD,0x02B6E4,func_0002B6E4,27,8,3,0,1,0,,,
0x5836AFF1,0x02BFA8,func_0002BFA8,37,8,0,0,1,0,,IoFileMgrForUser;Kernel_Library;SysMemUserForUser;ThreadManForUser;sceUmdUser,
0x8C5B148E,0x0362BC,func_000362BC,106,8,3,0,1,0,,ThreadManForUser,
0xF96953BE,0x036464,func_00036464,124,8,5,0,1,0,,ThreadManForUser,
0x0D3E2FA6,0x03C304,func_0003C304,2,8,2,0,0,0,,ThreadManForUser;sceAtrac3plus;sceSasCore,
0x8798050C,0x03C3D8,func_0003C3D8,2,8,0,0,0,0,,,
0x8867335A,0x03D998,func_0003D998,17,8,1,0,1,0,,,
0xB3B5D3CF,0x044790,func_00044790,3,8,0,0,1,1,,,
0x5A023ABD,0x0449CC,func_000449CC,46,8,2,0,0,0,,,
0x0D3E34B5,0x04B3D8,func_0004B3D8,9,8,0,0,0,0,,,
0x9EB9A3A6,0x04B834,func_0004B834,20,8,3,0,0,0,,,
0x906A916B,0x04BA24,func_0004BA24,9,8,0,0,0,0,,,
0x5A6B0741,0x0506EC,func_000506EC,51,8,1,0,0,0,,,
0x687F1A2C,0x0532F4,func_000532F4,16,8,1,0,1,0,,,
0x1D76FBF3,0x05350C,func_0005350C,12,8,2,0,0,0,,,
0xB6C65705,0x05361C,func_0005361C,16,8,3,0,0,0,,,
0xC4D9C911,0x0588C4,func_000588C4,26,8,3,0,1,0,,,
0xBAB403B8,0x058C30,func_00058C30,35,8,2,0,1,0,,,
0xEF06FE41,0x0596E0,func_000596E0,68,8,4,0,1,0,,,
0x7DFFA500,0x05A3F4,func_0005A3F4,31,8,2,0,1,0,,,
0xF711002C,0x05D848,func_0005D848,9,8,0,0,1,0,,,
0x9AFBEBC2,0x05E6BC,func_0005E6BC,25,8,1,0,1,1,,,
0xE618B6BA,0x05EB74,func_0005EB74,4,8,1,0,0,0,,,
0xD2361003,0x05EDEC,func_0005EDEC,4,8,1,0,0,0,,,
0xE8D57DC6,0x001604,func_00001604,18,7,2,0,1,0,sceGe_user_B287BD61,sceGe_user,
0xC774A9D5,0x0160E4,func_000160E4,10,7,3,0,1,1,,,
0x54F69CFE,0x029368,func_00029368,42,7,3,0,1,0,,,
0x02C26DF1,0x02B7F8,func_0002B7F8,10,7,1,0,1,0,,,
0x4E3BEA66,0x02C09C,func_0002C09C,163,7,0,0,1,0,,,
0xE60D8E10,0x02CE74,func_0002CE74,2,7,0,0,0,0,,,
0xF11F0D9A,0x02FEBC,func_0002FEBC,215,7,1,0,1,0,,Kernel_Library;SysMemUserForUser,
0x6595A5B3,0x030548,func_00030548,5,7,1,0,1,1,,,
0xB8DDA661,0x036654,func_00036654,82,7,3,0,1,0,,,
0x088F768A,0x03BF6C,func_0003BF6C,18,7,0,0,0,0,,ThreadManForUser,
0xBF62545B,0x03C3B0,func_0003C3B0,2,7,3,0,0,0,,,
0x28BE130B,0x044A84,func_00044A84,56,7,1,0,1,0,,,
0xC644C679,0x04B260,func_0004B260,12,7,1,0,0,0,,sceNet;sceNetAdhocctl,
0x6A91E8E8,0x052138,func_00052138,13,7,1,0,1,0,,,
0xAE84266D,0x0547F4,func_000547F4,16,7,1,0,0,0,,,
0x2EE943AC,0x054A58,func_00054A58,13,7,1,0,0,0,,,
0xDD4DAED2,0x054F28,func_00054F28,23,7,1,0,1,0,,,
0x3532DEB2,0x055044,func_00055044,36,7,1,0,0,0,,,
0xC1FD7BFC,0x055278,func_00055278,15,7,1,0,0,0,,,
0xC78C87F4,0x05576C,func_0005576C,15,7,2,0,0,0,,,
0x0836FA55,0x055958,func_00055958,12,7,1,0,1,0,,,
0x7754CFD2,0x058D4C,func_00058D4C,10,7,1,0,1,1,,,
0x9854B469,0x05DB84,func_0005DB84,145,7,1,0,1,0,,,
0xBB4F3954,0x05ECD0,func_0005ECD0,4,7,1,0,0,0,,,
0x1672C0A7,0x05EE3C,func_0005EE3C,4,7,1,0,0,0,,,
0xBD86E5F9,0x05EF90,func_0005EF90,4,7,1,0,0,0,,,
0x50EA4D71,0x06C6E0,func_0006C6E0,5,7,2,0,0,1,,,
0xF3F76017,0x06E6FC,sceUtilityOskGetStatus,0,7,0,0,1,1,sceUtilityOskGetStatus,sceUtility,sceUtility:sceUtilityOskGetStatus()
0xCE32B68D,0x014770,func_00014770,4,6,1,0,1,1,,,
0x56DA956A,0x014FF8,func_00014FF8,10,6,2,0,1,1,,,
0xA2C4E735,0x0177B4,func_000177B4,157,6,2,0,1,0,,,
0x66B4DCA8,0x0239EC,func_000239EC,168,6,3,0,1,0,,,
0xC217BED0,0x023C8C,func_00023C8C,121,6,4,0,1,0,,,
0x1C99A7A5,0x0298F8,func_000298F8,14,6,1,0,1,1,,,
0x9074B94E,0x02AE08,func_0002AE08,159,6,3,0,1,0,,,
0x4786AAF9,0x02CE84,func_0002CE84,2,6,1,0,0,0,,,
0x91E5BB91,0x02F2C4,func_0002F2C4,65,6,4,0,1,0,,,
0x9FC4E656,0x02F3FC,func_0002F3FC,15,6,2,0,0,1,,,
0x31B68FCB,0x02FC68,func_0002FC68,146,6,1,0,1,0,,,
0x595083E7,0x03C3E0,func_0003C3E0,2,6,1,0,0,0,,,
0x0977A12F,0x03C660,func_0003C660,16,6,1,0,1,0,,,
0x5B08FB0D,0x0432D0,func_000432D0,5,6,0,0,1,1,,,
0x826AE59C,0x044B64,func_00044B64,30,6,0,0,1,0,,sceLibFont,
0xF843E20A,0x047B38,func_00047B38,29,6,1,0,1,0,,ThreadManForUser;sceAtrac3plus;sceLibFont;sceSasCore,
0x6D6C9B94,0x049734,func_00049734,47,6,0,0,1,0,,,
0x6919FD3F,0x04B30C,func_0004B30C,9,6,0,0,0,0,,,
0x9455886E,0x04E99C,func_0004E99C,44,6,1,0,1,0,,Kernel_Library;SysMemUserForUser,
0xA6D7B8CF,0x04FEA0,func_0004FEA0,15,6,1,0,0,0,,,
0xD79EAEBD,0x051A4C,func_00051A4C,12,6,0,0,1,0,,,
0x2213CC45,0x05216C,func_0005216C,25,6,2,0,0,0,,,
0xDA66B694,0x053588,func_00053588,16,6,3,0,0,0,,,
0xC78D825A,0x053710,func_00053710,20,6,4,0,0,0,,,
0x83D08468,0x0556D0,func_000556D0,12,6,1,0,1,0,,,
0xA263D2AF,0x058ADC,func_00058ADC,17,6,1,0,1,0,,,
0x6817B19B,0x05E528,func_0005E528,51,6,1,0,1,1,,,
0x46F3C6A2,0x05EB2C,func_0005EB2C,14,6,0,0,1,0,,,
0x5E3D649B,0x05EF2C,func_0005EF2C,17,6,1,0,1,0,,,
0x7B0C0E23,0x05F15C,func_0005F15C,4,6,1,0,0,0,,,
0xF6269B82,0x06E704,sceUtilityOskInitStart,0,6,1,0,1,1,sceUtilityOskInitStart,sceUtility,sceUtility:sceUtilityOskInitStart(x)
0x3DFAEBA9,0x06E684,sceUtilityOskShutdownStart,0,6,0,0,1,1,sceUtilityOskShutdownStart,sceUtility,sceUtility:sceUtilityOskShutdownStart()
0x4B85C861,0x06E694,sceUtilityOskUpdate,0,6,1,0,1,1,sceUtilityOskUpdate,sceUtility,sceUtility:sceUtilityOskUpdate(i)
0xE821E845,0x0063FC,func_000063FC,49,5,5,0,1,0,,,
0xB49A7697,0x00D1AC,func_0000D1AC,109,5,3,0,1,0,,,
0xC87E4924,0x0181C0,func_000181C0,15,5,2,0,1,1,,,
0xBF3E9066,0x018E24,func_00018E24,3,5,4,0,0,0,,IoFileMgrForUser;Kernel_Library;SysMemUserForUser;ThreadManForUser;sceUmdUser,
0x68728B41,0x0195B8,func_000195B8,4,5,3,0,0,0,,IoFileMgrForUser;Kernel_Library;SysMemUserForUser;ThreadManForUser,
0xE6977584,0x0208F4,func_000208F4,177,5,6,0,1,0,,,
0x63CD43C1,0x0217AC,func_000217AC,2,5,0,0,0,0,,,
0xCA9DD7B6,0x021DD8,func_00021DD8,3,5,1,0,0,0,,,
0x11EBE80C,0x026D24,func_00026D24,35,5,5,0,1,0,,,
0xF0243623,0x026DB0,func_00026DB0,18,5,2,0,1,0,,,
0x60F2ECE8,0x027D10,func_00027D10,63,5,8,0,1,0,,,
0xD0E95BD8,0x029418,func_00029418,23,5,2,0,1,0,,,
0x03E45FFF,0x02B5C0,func_0002B5C0,9,5,0,0,0,0,,,
0x53C23B57,0x02CE7C,func_0002CE7C,2,5,1,0,0,0,,,
0x8060707A,0x0305AC,func_000305AC,6,5,0,0,0,0,,,
0xB48A11FB,0x0372C8,func_000372C8,32,5,2,0,1,0,,Kernel_Library;SysMemUserForUser;ThreadManForUser;sceAudio;sceCtrl;sceDisplay;sceGe_user;sceMpeg;scePower;scePsmfPlayer;sceSuspendForUser;sceUmdUser,
0x07BBF7DB,0x03C1CC,func_0003C1CC,5,5,0,0,1,1,,,
0x74CA1190,0x03C1F8,func_0003C1F8,3,5,0,0,0,0,,ThreadManForUser;sceAtrac3plus;sceSasCore,
0x87A64CC6,0x042D0C,func_00042D0C,104,5,3,0,1,0,,sceLibFont,
0x530BB327,0x047528,func_00047528,45,5,1,0,1,0,,ThreadManForUser;sceAtrac3plus;sceLibFont;sceSasCore,
0xA93273D2,0x0475DC,func_000475DC,99,5,2,0,1,0,,IoFileMgrForUser,
0x486EBAC0,0x047768,func_00047768,244,5,1,0,1,0,,IoFileMgrForUser;ThreadManForUser;sceAtrac3plus;sceLibFont;sceSasCore,
0xA94DF30B,0x04B3B4,func_0004B3B4,9,5,0,0,0,0,,InterruptManager;SysMemUserForUser;ThreadManForUser;sceNet;sceNetAdhoc;sceNetAdhocctl;sceUtility,
0x8852C022,0x04B618,func_0004B618,11,5,0,0,0,0,,sceNetAdhoc;sceNetAdhocMatching,
0x57345021,0x04EAFC,func_0004EAFC,4,5,2,0,1,0,,,
0x3FD815F4,0x0518F4,func_000518F4,12,5,0,0,1,0,,,
0x62A243C4,0x051968,func_00051968,11,5,0,0,1,0,,,
0x5ABF64AE,0x0519D8,func_000519D8,12,5,0,0,1,0,,,
0xD4771E47,0x051AC0,func_00051AC0,12,5,0,0,1,0,,,
0xE6E2606B,0x053398,func_00053398,12,5,2,0,0,0,,,
0x8AA48382,0x053E14,func_00053E14,24,5,2,0,0,0,,,
0x0E0216E1,0x053EC8,func_00053EC8,22,5,2,0,0,0,,,
0x83E48CCF,0x054290,func_00054290,29,5,2,0,0,0,,,
0x020C6314,0x0543D0,func_000543D0,10,5,0,0,1,0,,,
0x1F435989,0x054450,func_00054450,16,5,2,0,0,0,,,
0xE8EB3756,0x05485C,func_0005485C,16,5,1,0,0,0,,,
0xBE54B40C,0x05489C,func_0005489C,9,5,0,0,1,0,,,
0x78ED2B0F,0x0548C0,func_000548C0,16,5,1,0,0,0,,,
0x55981772,0x054900,func_00054900,10,5,0,0,1,0,,,
0x783340AE,0x054BE0,func_00054BE0,22,5,2,0,0,0,,,
0xAC3EDD06,0x0550D4,func_000550D4,25,5,2,0,0,0,,,
0x9D9E0568,0x05E658,func_0005E658,25,5,1,0,1,1,,,
0x95E50EFA,0x05E860,func_0005E860,25,5,1,0,1,1,,,
0xE3C8F657,0x05E99C,func_0005E99C,6,5,1,0,0,0,,,
0x375A7F03,0x05EA58,func_0005EA58,6,5,1,0,0,0,,,
0xA8CD2FB9,0x05EC30,func_0005EC30,4,5,1,0,0,0,,,
0x51B8DDE5,0x05ECF0,func_0005ECF0,4,5,1,0,0,0,,,
0x74C5FE46,0x05F17C,func_0005F17C,4,5,1,0,0,0,,,
0x70CB33BE,0x06C678,func_0006C678,12,5,0,0,1,0,,ThreadManForUser;sceUtility,
0xDCA0DCE1,0x06C6A8,func_0006C6A8,2,5,0,0,0,0,,,
0x245526EE,0x06C6B0,func_0006C6B0,12,5,0,0,1,0,,ModuleMgrForUser;sceUtility,
0x1FB15A32,0x06E134,ThreadManForUser_1FB15A32,0,5,0,0,0,1,,ThreadManForUser,ThreadManForUser
0x328C546A,0x06E1DC,ThreadManForUser_328C546A,0,5,0,0,0,1,,ThreadManForUser,ThreadManForUser
0x6DBCF897,0x013068,func_00013068,54,4,4,0,1,0,,,
0x1B5B82BC,0x0132C0,func_000132C0,13,4,1,0,1,0,,,
0xBC1D779C,0x015224,func_00015224,7,4,3,0,1,1,,,
0x3325AA47,0x016184,func_00016184,11,4,2,0,1,1,,,
0x660F96F4,0x017E20,func_00017E20,43,4,3,0,1,1,,,
0x7B552C34,0x0195A0,func_000195A0,6,4,1,0,1,1,,,
0x2630B590,0x019E80,func_00019E80,16,4,0,0,1,1,,,
0x912118BD,0x01EDA8,func_0001EDA8,14,4,1,0,1,0,,,
0x1507D27D,0x021C64,func_00021C64,22,4,4,0,0,1,,,
0x8EA5CCE1,0x021D50,func_00021D50,30,4,0,0,0,1,,,
0xB46025DF,0x022D80,func_00022D80,54,4,3,0,0,0,,,
0x552AC0DF,0x024D14,func_00024D14,10,4,2,0,0,1,,,
0xB4136BBB,0x0264DC,func_000264DC,64,4,2,0,1,0,,,
0x942E589C,0x027AB4,func_00027AB4,24,4,2,0,1,0,,,
0xCB9CCF0B,0x029474,func_00029474,3,4,2,0,0,1,,,
0xA3FF902D,0x02A1E4,func_0002A1E4,53,4,1,0,1,1,,,
0x94982653,0x02B920,func_0002B920,66,4,2,0,1,0,,,
0xAB8BD7CA,0x02CE64,func_0002CE64,2,4,1,0,0,0,,,
0x4357F16E,0x02CE6C,func_0002CE6C,2,4,2,0,0,0,,,
0xAD222020,0x031FF8,func_00031FF8,32,4,3,0,1,0,,,
0x15AF4C89,0x034684,func_00034684,50,4,1,0,1,0,,,
0x47719795,0x035F28,func_00035F28,46,4,3,0,1,0,,ThreadManForUser,
0xBA168C37,0x03621C,func_0003621C,40,4,2,0,1,0,,,
0xED2013FB,0x0371B4,func_000371B4,13,4,1,0,0,0,,,
0x6DD74ECC,0x03C30C,func_0003C30C,3,4,0,0,0,0,,ThreadManForUser;sceAtrac3plus;sceSasCore,
0xD7D8674A,0x03C36C,func_0003C36C,3,4,0,0,0,0,,ThreadManForUser;sceAtrac3plus;sceSasCore,
0x3EC38F85,0x04B5E0,func_0004B5E0,14,4,1,0,0,0,,,
0xE4867425,0x04B644,func_0004B644,12,4,1,0,0,0,,,
0x5CEDF44D,0x04EA4C,func_0004EA4C,44,4,1,0,1,0,,Kernel_Library;SysMemUserForUser,
0x6A55182E,0x050D7C,func_00050D7C,9,4,0,0,0,0,,,
0x6FE21799,0x051E50,func_00051E50,10,4,0,0,1,0,,,
0x983DA324,0x052414,func_00052414,135,4,1,0,1,0,,,
0xEB6FAACF,0x053334,func_00053334,12,4,2,0,0,0,,,
0xFEFCBA3E,0x053CEC,func_00053CEC,10,4,0,0,1,0,,,
0x0A1BFD9A,0x054378,func_00054378,10,4,0,0,1,0,,,
0xB6D80F09,0x0543A0,func_000543A0,12,4,1,0,0,0,,,
0x1F710553,0x05494C,func_0005494C,17,4,1,0,0,0,,sceImpose,
0x1D9BF787,0x054A08,func_00054A08,10,4,0,0,1,0,,,
0xF1CE9623,0x054AFC,func_00054AFC,34,4,2,0,0,0,,,
0x339B98FC,0x055424,func_00055424,11,4,1,0,1,0,,,
0x2D976EA8,0x055694,func_00055694,15,4,2,0,0,0,,,
0xE7FAA144,0x055700,func_00055700,15,4,2,0,0,0,,,
0x9F4359AB,0x0557D8,func_000557D8,15,4,2,0,0,0,,,
0x0EB054A9,0x055844,func_00055844,15,4,2,0,0,0,,,
0xF3DEE95F,0x055DB4,func_00055DB4,16,4,2,0,1,1,,,
0xE9F96A3F,0x0570F0,func_000570F0,35,4,1,0,1,1,,,
0x64D352A1,0x058A44,func_00058A44,38,4,3,0,1,0,,,
0x7DAC692D,0x058E14,func_00058E14,17,4,3,0,1,0,,,
0xE4F368A9,0x058F74,func_00058F74,10,4,1,0,1,1,,,
0x2DE9CA69,0x058FBC,func_00058FBC,10,4,1,0,1,1,,,
0x88D0D5B7,0x05DE68,func_0005DE68,36,4,1,0,1,0,,,
0x7F43E1A8,0x05E4C4,func_0005E4C4,25,4,1,0,1,1,,,
0x9E42D8A7,0x05E5F4,func_0005E5F4,25,4,1,0,1,1,,,
0x05AD6FCE,0x05E7E8,func_0005E7E8,25,4,1,0,1,1,,,
0x9E26B410,0x05E8C4,func_0005E8C4,29,4,1,0,1,1,,,
0x1DA3918E,0x05EAF8,func_0005EAF8,13,4,0,0,1,0,,,
0xC2235BFA,0x05EC20,func_0005EC20,4,4,1,0,0,0,,,
0x7F981A88,0x05ED00,func_0005ED00,34,4,1,0,1,0,,,
0xA5D0CCD2,0x05EF1C,func_0005EF1C,4,4,1,0,0,0,,,
0x224CD64E,0x06DBA4,func_0006DBA4,182,4,2,0,1,0,,,
0x3F53E640,0x06E214,ThreadManForUser_3F53E640,0,4,0,0,0,1,,ThreadManForUser,ThreadManForUser
0x812346E4,0x06E2D4,ThreadManForUser_812346E4,0,4,0,0,0,1,,ThreadManForUser,ThreadManForUser
0xE13B6DAE,0x005E70,func_00005E70,56,3,0,0,1,0,,,
0x4C0E0274,0x00D360,func_0000D360,22,3,2,0,1,0,,,
0xDA34FB1A,0x013E9C,func_00013E9C,31,3,0,0,0,0,,,
0x37548694,0x014D10,func_00014D10,13,3,3,0,1,1,,,
0x64CE5F24,0x014DDC,func_00014DDC,17,3,3,0,1,1,,,
0xACCDB524,0x015384,func_00015384,11,3,3,0,1,1,,,
0xD63C9E95,0x015B8C,func_00015B8C,32,3,2,0,1,1,,,
0x37562668,0x015C8C,func_00015C8C,91,3,3,0,1,1,,,
0x27511CE0,0x01621C,func_0001621C,23,3,2,0,1,1,,,
0x8D0CE141,0x016B60,func_00016B60,8,3,0,0,0,1,,,
0xC204E9F8,0x019E20,func_00019E20,7,3,0,0,0,0,,,
0x7CBFBEC2,0x019E5C,func_00019E5C,9,3,2,0,1,1,,,
0xCB1D1CCC,0x01A7B0,func_0001A7B0,60,3,0,0,1,0,sceIoGetstat,IoFileMgrForUser,
0x55F589D0,0x01B290,func_0001B290,16,3,1,0,1,0,,,
0xBAB43E61,0x020DD8,func_00020DD8,37,3,2,0,1,0,,,
0x5B05F797,0x02176C,func_0002176C,3,3,1,0,1,0,,,
0x597CDADD,0x024444,func_00024444,69,3,5,0,1,0,sceUtilityLoadModule,ThreadManForUser;sceUtility,
0x21C4F2FA,0x024C80,func_00024C80,29,3,0,0,0,0,,,
0x68B20872,0x024D3C,func_00024D3C,8,3,0,0,1,1,,,
0x717593A3,0x0261F8,func_000261F8,120,3,3,0,1,1,,,
0x00F1E005,0x026B20,func_00026B20,18,3,2,0,1,0,,,
0x0A3651EF,0x0271FC,func_000271FC,32,3,4,0,1,0,,,
0x8FB8C0A6,0x0298C4,func_000298C4,7,3,3,0,1,0,,,
0xFF360587,0x029930,func_00029930,2,3,2,0,0,1,,,
0xE36AFCA5,0x02F4F0,func_0002F4F0,3,3,0,0,1,1,,,
0xE11E4575,0x02F64C,func_0002F64C,30,3,1,0,1,0,,,
0x4CB2E2AD,0x02F8F8,func_0002F8F8,9,3,0,0,0,0,,,
0x25710975,0x03051C,func_0003051C,5,3,0,0,0,0,,,
0x4E4F1811,0x030628,func_00030628,66,3,1,0,1,0,,,
0x99F81E55,0x0307B4,func_000307B4,6,3,1,0,1,1,,,
0xE167E1C0,0x030864,func_00030864,14,3,4,0,1,1,,,
0x5777192D,0x0308D8,func_000308D8,48,3,0,0,1,0,,,
0x8884088B,0x03C2A8,func_0003C2A8,2,3,2,0,0,0,,ThreadManForUser;sceAtrac3plus;sceSasCore,
0xDF5CB459,0x03C318,func_0003C318,3,3,1,0,0,0,,ThreadManForUser;sceAtrac3plus;sceSasCore,
0x8A309EAF,0x03C354,func_0003C354,3,3,0,0,0,0,,ThreadManForUser;sceAtrac3plus;sceSasCore,
0x38DDEDD1,0x03C3B8,func_0003C3B8,2,3,2,0,0,0,,,
0xB445B257,0x03C450,func_0003C450,51,3,2,0,1,0,,ThreadManForUser;sceAtrac3plus;sceSasCore,
0xFC53D253,0x04B390,func_0004B390,9,3,0,0,0,0,,InterruptManager;ThreadManForUser;sceNet;sceNetAdhoc;sceNetAdhocMatching;sceNetAdhocctl;sceNetIfhandle;sceUtility,
0xD49B6BDD,0x04B470,func_0004B470,14,3,1,0,0,0,,sceNetAdhoc;sceNetAdhocMatching,
0x93578062,0x04B538,func_0004B538,14,3,1,0,0,0,,,
0x3F68D487,0x04B7E4,func_0004B7E4,20,3,3,0,0,0,,,
0xE1ECBDFB,0x04BD08,func_0004BD08,9,3,0,0,0,0,,,
0x6EEF2E59,0x04EB90,func_0004EB90,595,3,0,0,1,0,sceUtilityGetSystemParamString;sceOpenPSID_C69BEBCE,Kernel_Library;SysMemUserForUser;sceImpose;sceOpenPSID;sceUtility,
0xC2295CF3,0x04FA7C,func_0004FA7C,26,3,1,0,0,0,,,
0xBCCFD219,0x04FAE4,func_0004FAE4,210,3,2,0,0,0,,,
0x1E3B22BA,0x04FE2C,func_0004FE2C,14,3,1,0,0,0,,,
0xB1D174DA,0x050B9C,func_00050B9C,15,3,1,0,0,0,,,
0xA4375D58,0x050BD8,func_00050BD8,15,3,1,0,0,0,,,
0x2D86F442,0x051040,func_00051040,24,3,1,0,0,0,,,
0x6DF8A193,0x0511EC,func_000511EC,17,3,0,0,0,0,,,
0xB0DA6DA3,0x051C04,func_00051C04,39,3,2,0,0,0,,,
0x184C52C0,0x052F50,func_00052F50,12,3,1,0,1,0,,,
0x31B1A6F0,0x0531E8,func_000531E8,12,3,0,0,1,0,,,
0x293220C2,0x0533C8,func_000533C8,24,3,2,0,1,0,,,
0x585DF0FF,0x0535C8,func_000535C8,21,3,3,0,0,0,,,
0xCAB9DF55,0x053760,func_00053760,45,3,4,0,0,0,,,
0x8BD528F0,0x053B20,func_00053B20,9,3,0,0,0,0,,,
0xCC728840,0x053B7C,func_00053B7C,12,3,2,0,0,0,,,
0x58E54272,0x054214,func_00054214,21,3,1,0,0,0,,,
0xF1CABFAC,0x054348,func_00054348,12,3,1,0,0,0,,,
0x1FD5A78C,0x054490,func_00054490,12,3,1,0,1,0,,,
0x11369E88,0x0544C0,func_000544C0,16,3,2,0,0,0,,,
0x5A5244E3,0x054528,func_00054528,17,3,1,0,0,0,,,
0x923D4D46,0x0545D4,func_000545D4,24,3,1,0,0,0,,,
0x8517B8C4,0x0553AC,func_000553AC,30,3,2,0,0,0,,,
0x02D6D189,0x055880,func_00055880,12,3,1,0,1,0,,,
0x92675210,0x0558B0,func_000558B0,15,3,2,0,0,0,,,
0xB75B23D0,0x05591C,func_0005591C,15,3,2,0,0,0,,,
0xF358A88E,0x055988,func_00055988,15,3,2,0,0,0,,,
0x1C3A6111,0x0559F4,func_000559F4,15,3,2,0,0,0,,,
0xF078D8CF,0x055AB8,func_00055AB8,20,3,1,0,0,0,,,
0xDDAAA4FF,0x055C84,func_00055C84,15,3,2,0,0,0,,,
0x51A71BD2,0x055CC0,func_00055CC0,12,3,1,0,1,0,,,
0xEAB73341,0x055EFC,func_00055EFC,21,3,3,0,1,0,,,
0xDF62D899,0x058B20,func_00058B20,12,3,1,0,1,0,,,
0x9E72EF23,0x059320,func_00059320,16,3,3,0,0,0,,,
0xA864B21B,0x059418,func_00059418,12,3,3,0,1,0,,,
0x81771688,0x05E150,func_0005E150,45,3,1,0,1,0,,,
0x534B5F77,0x05E204,func_0005E204,57,3,1,0,1,0,,,
0x41C38588,0x05E84C,func_0005E84C,5,3,1,0,1,1,,,
0x6EAF1121,0x05EAE8,func_0005EAE8,4,3,1,0,0,0,,,
0x83458494,0x05EB84,func_0005EB84,15,3,1,0,1,0,,,
0x556194E7,0x05ECC0,func_0005ECC0,4,3,1,0,0,0,,,
0x287B3382,0x05EDFC,func_0005EDFC,4,3,1,0,0,0,,,
0xA046924B,0x05EE2C,func_0005EE2C,4,3,1,0,0,0,,,
0x18E75398,0x05EEEC,func_0005EEEC,4,3,1,0,0,0,,,
0x86A5D733,0x05EFF4,func_0005EFF4,4,3,1,0,0,0,,,
0x94AA61EE,0x06E324,ThreadManForUser_94AA61EE,0,3,0,0,0,1,,ThreadManForUser,ThreadManForUser
0x5F01916F,0x0007D4,func_000007D4,154,2,3,0,1,0,Kernel_Library_092968F4;Kernel_Library_5F10D406;sceGe_user_AB49E76A,Kernel_Library;sceGe_user,
0xBA8CF6B9,0x0014C4,func_000014C4,7,2,0,0,0,0,,Kernel_Library;sceGe_user,
0xD9F56690,0x001FE0,func_00001FE0,5,2,0,0,0,1,,,
0x8F2316E1,0x001FF4,func_00001FF4,4,2,1,0,0,1,,,
0xA0547747,0x002004,func_00002004,4,2,1,0,0,1,,,
0x388D8736,0x002014,func_00002014,10,2,1,0,0,0,,,
0x420E7DB5,0x003D68,func_00003D68,122,2,4,0,1,0,sceGe_user_E47E40E4,sceGe_user,
0x0D188658,0x00D3C8,func_0000D3C8,28,2,2,0,1,1,,,
0x307DF57A,0x013F18,func_00013F18,12,2,0,0,0,0,,,
0x803FC64B,0x014AF0,func_00014AF0,14,2,2,0,1,1,,,
0xED06F118,0x014C54,func_00014C54,10,2,2,0,1,1,,,
0x8BFD0B7B,0x014DB0,func_00014DB0,11,2,2,0,1,1,,,
0x0C27DC4A,0x0154B0,func_000154B0,8,2,2,0,0,1,,,
0xC2CD822B,0x01565C,func_0001565C,10,2,2,0,0,1,,,
0xBE792119,0x016008,func_00016008,8,2,1,0,1,1,,,
0x5C4E84AA,0x016794,func_00016794,22,2,0,0,0,1,,,
0x424598D9,0x016AA4,func_00016AA4,12,2,0,0,0,1,,,
0x94F364BA,0x016D94,func_00016D94,7,2,2,0,1,1,,,
0x8174A2CB,0x018950,func_00018950,12,2,0,0,1,0,,Kernel_Library;UtilsForUser;sceCtrl;sceDisplay;sceGe_user,
0x2BACAD04,0x019A40,func_00019A40,64,2,4,0,1,0,ThreadManForUser_4E3A1105;ThreadManForUser_3F53E640,ThreadManForUser,
0x58F84DA0,0x01A9D8,func_0001A9D8,51,2,0,0,1,0,ThreadManForUser_B011B11F;ThreadManForUser_6B30100F,ThreadManForUser,
0x20A40A75,0x01AAA4,func_0001AAA4,21,2,0,0,1,0,ThreadManForUser_B011B11F;ThreadManForUser_6B30100F,ThreadManForUser,
0xFAAC7D51,0x01AD9C,func_0001AD9C,7,2,1,0,1,1,,,
0xF292E199,0x01B20C,func_0001B20C,3,2,0,0,0,1,,,
0x2074DED0,0x01B340,func_0001B340,24,2,3,0,1,0,,,
0x130C21DC,0x01EA20,func_0001EA20,13,2,1,0,1,0,,,
0xE62EDAB3,0x01EE18,func_0001EE18,28,2,3,0,1,0,,,
0x4258FC8D,0x021DE4,func_00021DE4,52,2,3,0,1,0,,,
0x7ABC8184,0x02205C,func_0002205C,3,2,0,0,1,1,,,
0x01AA3558,0x022948,func_00022948,9,2,0,0,0,1,,,
0x826BD884,0x024818,func_00024818,27,2,0,0,1,0,,,
0x4DFEDFFA,0x025338,func_00025338,3,2,1,0,0,1,,,
0x6F0D36D3,0x025344,func_00025344,3,2,0,0,1,1,,,
0xF48E70FB,0x026074,func_00026074,75,2,3,0,1,0,,,
0x890D2BD0,0x026C28,func_00026C28,21,2,0,0,1,0,,,
0xD5E5A748,0x0273C0,func_000273C0,20,2,2,0,1,0,,,
0xD7F13632,0x02F514,func_0002F514,3,2,1,0,0,1,,,
0x56E6D6D6,0x02F958,func_0002F958,31,2,0,0,1,0,,,
0xABFD44C4,0x032F08,func_00032F08,33,2,4,0,1,0,,,
0x79E8E06C,0x033F30,func_00033F30,124,2,6,0,1,0,,,
0xD80C7D36,0x036110,func_00036110,38,2,2,0,1,0,,ThreadManForUser,
0xC01F381E,0x03679C,func_0003679C,3,2,1,0,1,1,,,
0xBF1A3037,0x037280,func_00037280,10,2,1,0,0,0,,,
0xB0D6F4FF,0x0372A8,func_000372A8,8,2,0,0,1,0,,,
0xA84EDF3B,0x03C360,func_0003C360,3,2,1,0,0,0,,ThreadManForUser;sceAtrac3plus;sceSasCore,
0xD319DD3A,0x03C530,func_0003C530,76,2,3,0,1,0,,,
0x805DBDF3,0x03C6A0,func_0003C6A0,33,2,3,0,1,0,,,
0x82DEC529,0x03C7BC,func_0003C7BC,29,2,1,0,0,0,,ThreadManForUser;sceAtrac3plus;sceSasCore,
0xD3448D59,0x043118,func_00043118,5,2,0,0,1,1,,,
0x3E4FC8A6,0x049850,func_00049850,5,2,0,0,1,1,,,
0xBCEB40ED,0x04B42C,func_0004B42C,14,2,1,0,0,0,,,
0xFF141CC8,0x04B4A8,func_0004B4A8,18,2,2,0,0,0,,sceNetAdhoc;sceNetAdhocMatching,
0xC978255D,0x04B570,func_0004B570,14,2,1,0,0,0,,,
0xEF9EFF0F,0x04B5A8,func_0004B5A8,14,2,1,0,0,0,,,
0x173C81DF,0x04B8CC,func_0004B8CC,9,2,0,0,0,0,,,
0x892F5B43,0x04B9B0,func_0004B9B0,20,2,3,0,0,0,,,
0x70563675,0x04BA00,func_0004BA00,9,2,0,0,0,0,,,
0x6DBE26D9,0x04BA78,func_0004BA78,11,2,0,0,0,0,,sceNetAdhoc;sceNetAdhocMatching,
0xED529D26,0x04F918,func_0004F918,81,2,1,0,1,0,,,
0x7140069D,0x04FA5C,func_0004FA5C,8,2,1,0,0,0,,,
0xB61A765E,0x050610,func_00050610,41,2,1,0,1,0,,,
0x8CE72107,0x0507E0,func_000507E0,38,2,2,0,0,0,,,
0xD98EA579,0x050898,func_00050898,161,2,3,0,0,0,,,
0x5F673552,0x050E68,func_00050E68,13,2,0,0,0,0,,,
0xCDECA77A,0x05115C,func_0005115C,10,2,0,0,1,0,,,
0xE11505A9,0x0511C4,func_000511C4,10,2,0,0,1,0,,,
0xF2BA729B,0x051BD4,func_00051BD4,12,2,0,0,1,0,,,
0x8171A371,0x052F14,func_00052F14,15,2,1,0,0,0,,,
0x79B05ABC,0x053084,func_00053084,15,2,1,0,0,0,,,
0xEFADAB40,0x0530F0,func_000530F0,24,2,2,0,0,0,,,
0xA845D5F0,0x053218,func_00053218,24,2,2,0,0,0,,,
0x98CFEF3D,0x053428,func_00053428,12,2,2,0,0,0,,,
0x93051754,0x053A60,func_00053A60,12,2,2,0,0,0,,,
0xF334B3F9,0x053A90,func_00053A90,27,2,2,0,1,1,,,
0x3ADC4161,0x053B44,func_00053B44,2,2,1,0,1,1,,,
0xF1D5B644,0x053BAC,func_00053BAC,4,2,2,0,1,1,,,
0x665C6D67,0x053D14,func_00053D14,15,2,1,0,0,0,,,
0xDDDE1D55,0x053D78,func_00053D78,18,2,1,0,0,0,,,
0x9C7833AA,0x054AC0,func_00054AC0,15,2,1,0,0,0,,,
0x9A381A51,0x054B84,func_00054B84,11,2,1,0,1,0,,,
0xE87491C1,0x05549C,func_0005549C,11,2,0,0,1,0,,,
0x3BB4C309,0x05563C,func_0005563C,12,2,1,0,0,0,,,
0x415BCECC,0x05566C,func_0005566C,10,2,0,0,1,0,,,
0x850B903B,0x05573C,func_0005573C,12,2,1,0,1,0,,,
0x69BC0E71,0x0557A8,func_000557A8,12,2,1,0,1,0,,,
0xA4585C47,0x055814,func_00055814,12,2,1,0,1,0,,,
0xD859D27D,0x0559C4,func_000559C4,12,2,1,0,1,0,,,
0xEC23C07C,0x055A60,func_00055A60,12,2,1,0,0,0,,,
0xDC3F7D07,0x055B08,func_00055B08,10,2,0,0,1,0,,,
0x64320906,0x055C18,func_00055C18,15,2,2,0,0,0,,,
0x074A3951,0x055CF0,func_00055CF0,15,2,2,0,0,0,,,
0xF562B0AE,0x055D8C,func_00055D8C,10,2,0,0,1,0,,,
0x1020AABA,0x0589C8,func_000589C8,15,2,2,0,0,0,,,
0x35CD6059,0x058D2C,func_00058D2C,8,2,0,0,1,0,,,
0x3EF8731C,0x0593B0,func_000593B0,14,2,2,0,1,1,,,
0xBAF2096A,0x0593E8,func_000593E8,12,2,3,0,1,0,,,
0xB059F726,0x0598FC,func_000598FC,3,2,0,0,1,1,,,
0x1CCB5DD4,0x059984,func_00059984,18,2,3,0,0,0,,,
0x0D957433,0x059C9C,func_00059C9C,78,2,2,0,0,1,,,
0xC42E1A5A,0x05A19C,func_0005A19C,133,2,2,0,1,0,,,
0x89EB3BA4,0x05A3B0,func_0005A3B0,17,2,1,0,1,0,,,
0x3748A4B1,0x05DF60,func_0005DF60,21,2,0,0,1,0,,,
0x357FB288,0x05E460,func_0005E460,25,2,1,0,1,1,,,
0xFC940D59,0x05E784,func_0005E784,25,2,1,0,1,1,,,
0xDCCE7AAA,0x05EBC0,func_0005EBC0,20,2,1,0,1,0,,,
0x86A6704D,0x05EC50,func_0005EC50,4,2,1,0,0,0,,,
0x40D26DEC,0x05EEBC,func_0005EEBC,4,2,1,0,0,0,,,
0x69B00027,0x05EECC,func_0005EECC,4,2,1,0,0,0,,,
0x3C238AF0,0x05EEFC,func_0005EEFC,4,2,1,0,0,0,,,
0x5C8EF0DE,0x05EFA0,func_0005EFA0,4,2,1,0,0,0,,,
0xF8425C44,0x05F004,func_0005F004,4,2,1,0,0,0,,,
0xCEAFCA0A,0x05F14C,func_0005F14C,4,2,1,0,0,0,,,
0x50F0C1EC,0x06E00C,ModuleMgrForUser_50F0C1EC,0,2,0,0,0,1,,ModuleMgrForUser,ModuleMgrForUser
0xD1FF982A,0x06DFF4,ModuleMgrForUser_D1FF982A,0,2,0,0,0,1,,ModuleMgrForUser,ModuleMgrForUser
0x2E0911AA,0x06DFEC,ModuleMgrForUser_2E0911AA,0,2,0,0,0,1,,ModuleMgrForUser,ModuleMgrForUser
0x6D212BAC,0x06E2A4,ThreadManForUser_6D212BAC,0,2,0,0,0,1,,ThreadManForUser,ThreadManForUser
0x58B1F937,0x06E25C,ThreadManForUser_58B1F937,0,2,0,0,0,1,,ThreadManForUser,ThreadManForUser
0x82BC5777,0x06E2EC,ThreadManForUser_82BC5777,0,2,0,0,0,1,,ThreadManForUser,ThreadManForUser
0xB29DDF9C,0x06DF24,sceIoDopen,0,2,1,0,1,1,sceIoDopen,IoFileMgrForUser,IoFileMgrForUser:sceIoDopen(s)
0xEB092469,0x06DF54,sceIoDclose,0,2,1,0,1,1,sceIoDclose,IoFileMgrForUser,IoFileMgrForUser:sceIoDclose(i)
0xE3EB004C,0x06DF34,sceIoDread,0,2,2,0,1,1,sceIoDread,IoFileMgrForUser,IoFileMgrForUser:sceIoDread(ix)
0xEB6D20A5,0x005B34,func_00005B34,56,1,0,0,1,0,,,
0x7E66D731,0x006084,func_00006084,81,1,0,0,1,0,,,
0x481C9ADA,0x00909C,func_0000909C,11,1,1,0,0,0,,Kernel_Library;SysMemUserForUser,
0xAD8AF84F,0x0090C8,func_000090C8,11,1,1,0,0,0,,Kernel_Library;SysMemUserForUser,
0xA48D2592,0x009C50,func_00009C50,175,1,3,0,1,0,,,
0x8B52B60D,0x014884,func_00014884,10,1,3,0,1,1,,,
0xF5477BCF,0x014978,func_00014978,8,1,2,0,1,1,,,
0xBB54BCFE,0x014A64,func_00014A64,8,1,2,0,0,1,,,
0x6F0F019C,0x014E94,func_00014E94,13,1,3,0,1,1,,,
0x12DA0DE2,0x014EFC,func_00014EFC,12,1,2,0,0,1,,,
0xFE3B7EB5,0x015140,func_00015140,6,1,1,0,1,1,,,
0x7BCB8905,0x015358,func_00015358,11,1,3,0,1,1,,,
0x500B1756,0x015684,func_00015684,8,1,1,0,1,1,,,
0xFAB49CC1,0x0156FC,func_000156FC,12,1,3,0,1,1,,,
0x158364F1,0x0157E8,func_000157E8,21,1,2,0,1,1,,,
0x7C331AE4,0x0159DC,func_000159DC,31,1,3,0,1,1,,,
0x059281D4,0x0161B0,func_000161B0,14,1,2,0,1,1,,,
0xDA790D12,0x016A54,func_00016A54,10,1,0,0,0,1,,,
0x26F05781,0x016A7C,func_00016A7C,10,1,0,0,0,1,,,
0x38401656,0x016CF0,func_00016CF0,9,1,1,0,0,1,,,
0xE758A14F,0x016F7C,func_00016F7C,11,1,3,0,1,1,,,
0x44653809,0x0173F0,func_000173F0,35,1,4,0,1,1,,,
0xB442C776,0x017500,func_00017500,35,1,1,0,1,1,,,
0x46FDDA71,0x01947C,func_0001947C,73,1,7,0,1,0,ThreadManForUser_4E3A1105;ThreadManForUser_3F53E640,ThreadManForUser,
0x614C6885,0x019E3C,func_00019E3C,8,1,0,0,1,0,,,
0xAB7BB274,0x01A8A0,func_0001A8A0,78,1,0,0,1,0,sceIoGetstat,IoFileMgrForUser;Kernel_Library;UtilsForUser;sceCtrl;sceDisplay;sceGe_user;sceUtility,
0x2058A08F,0x01AAF8,func_0001AAF8,41,1,0,0,1,0,ThreadManForUser_B011B11F;ThreadManForUser_6B30100F,ThreadManForUser,
0xD2EE9973,0x01AD8C,func_0001AD8C,2,1,1,0,1,1,,,
0x316D8C28,0x01EDE0,func_0001EDE0,14,1,1,0,1,0,,,
0xF20A12CE,0x020E6C,func_00020E6C,11,1,0,0,1,0,,,
0xFFBC9F88,0x027468,func_00027468,28,1,3,0,1,0,,,
0xACAC5C40,0x02C560,func_0002C560,24,1,1,0,1,0,,,
0x35D67398,0x02C938,func_0002C938,22,1,1,0,1,0,,,
0x5B4DADF5,0x02EEA0,func_0002EEA0,47,1,1,0,0,0,,ThreadManForUser;sceAtrac3plus;sceSasCore,
0x0190A327,0x02F088,func_0002F088,47,1,1,0,0,0,,ThreadManForUser;sceAtrac3plus;sceSasCore,
0xEB263A38,0x02F3D4,func_0002F3D4,3,1,0,0,1,1,,,
0x12B0F55D,0x02F3EC,func_0002F3EC,4,1,1,0,1,1,,,
0x17333DB7,0x02F438,func_0002F438,3,1,0,0,1,1,,,
0xD6885B1A,0x02F444,func_0002F444,3,1,1,0,0,1,,,
0xA045CACE,0x02F8CC,func_0002F8CC,11,1,0,0,1,0,,,
0x5CACF78D,0x02FA20,func_0002FA20,146,1,1,0,1,0,,,
0x85906D69,0x0302F8,func_000302F8,137,1,1,0,1,0,,Kernel_Library;SysMemUserForUser,
0x65FA8E18,0x03055C,func_0003055C,20,1,0,0,1,0,,,
0x83B39FA9,0x030CC8,func_00030CC8,48,1,1,0,1,0,,,
0xD0FBFC51,0x030D88,func_00030D88,59,1,1,0,1,0,,,
0x1E4B7ED5,0x030F10,func_00030F10,124,1,1,0,0,0,,,
0x0441C9EF,0x03125C,func_0003125C,249,1,4,0,1,0,,Kernel_Library;ThreadManForUser;sceGe_user;sceLibFont,
0xD62744B5,0x031654,func_00031654,364,1,5,0,1,0,,Kernel_Library;ThreadManForUser;sceGe_user;sceLibFont,
0x574E5B18,0x032E4C,func_00032E4C,47,1,5,0,1,0,,,
0x52A444CF,0x033DA4,func_00033DA4,99,1,6,0,1,0,,,
0x72E1BD70,0x034520,func_00034520,84,1,6,0,1,0,,Kernel_Library;sceGe_user;sceLibFont,
0x19C5BDE2,0x0371E8,func_000371E8,34,1,3,0,1,0,,,
0x57018B7C,0x037348,func_00037348,15,1,1,0,0,0,,,
0xF5FE661C,0x03B368,func_0003B368,43,1,0,0,1,0,sceUtilityMsgDialogInitStart,sceUtility,
0x054A8ACD,0x03B414,func_0003B414,48,1,0,0,1,0,sceUtilityMsgDialogGetStatus;sceUtilityMsgDialogUpdate;sceUtilityMsgDialogShutdownStart,sceGe_user;sceUtility,
0x2A1C18E9,0x03B4D4,func_0003B4D4,30,1,0,0,1,0,sceUtilityMsgDialogInitStart,sceUtility,
0xD5CEC905,0x03B54C,func_0003B54C,41,1,0,0,1,0,sceUtilityMsgDialogGetStatus;sceUtilityMsgDialogUpdate;sceUtilityMsgDialogShutdownStart,sceGe_user;sceUtility,
0xB10A7131,0x03B5F0,func_0003B5F0,30,1,0,0,1,0,sceUtilityMsgDialogInitStart,sceUtility,
0xF90CC1D7,0x03B668,func_0003B668,41,1,0,0,1,0,sceUtilityMsgDialogGetStatus;sceUtilityMsgDialogUpdate;sceUtilityMsgDialogShutdownStart,sceGe_user;sceUtility,
0xB6C6EB69,0x03B70C,func_0003B70C,30,1,0,0,1,0,sceUtilityMsgDialogInitStart,sceUtility,
0x4A31C963,0x03B784,func_0003B784,41,1,0,0,1,0,sceUtilityMsgDialogGetStatus;sceUtilityMsgDialogUpdate;sceUtilityMsgDialogShutdownStart,sceGe_user;sceUtility,
0xA6669074,0x03B828,func_0003B828,31,1,0,0,1,0,sceUtilityMsgDialogInitStart,sceUtility,
0xB8010A25,0x03B8A4,func_0003B8A4,49,1,0,0,1,0,sceUtilityMsgDialogGetStatus;sceUtilityMsgDialogUpdate;sceUtilityMsgDialogShutdownStart,sceGe_user;sceUtility,
0xB8B856F6,0x03BCBC,func_0003BCBC,52,1,0,0,1,0,sceUtilityGamedataInstallInitStart,sceUtility,
0x84BE0718,0x03BD8C,func_0003BD8C,26,1,0,0,1,0,sceUtilityGamedataInstallGetStatus;sceUtilityGamedataInstallUpdate;sceUtilityGamedataInstallShutdownStart,sceGe_user;sceUtility,
0xF5D788E4,0x03BE00,func_0003BE00,13,1,1,0,0,0,,ThreadManForUser;sceAtrac3plus;sceSasCore,
0x7EE06EF8,0x03BE34,func_0003BE34,12,1,0,0,0,0,,ThreadManForUser;sceAtrac3plus;sceSasCore,
0x2E783F70,0x03C1A8,func_0003C1A8,9,1,0,0,1,0,,,
0x80E7F36C,0x03C2B0,func_0003C2B0,3,1,1,0,0,0,,ThreadManForUser;sceAtrac3plus;sceSasCore,
0x57724B02,0x03C39C,func_0003C39C,3,1,0,0,0,0,,,
0x592F970A,0x03C3A8,func_0003C3A8,2,1,0,0,0,0,,,
0x1B4AF0F5,0x03C724,func_0003C724,38,1,5,0,1,0,,,
0x8EC4A14F,0x0402F0,func_000402F0,2,1,3,0,0,0,,,
0x4878E980,0x0402F8,func_000402F8,5,1,1,0,1,1,,,
0xBBB5D950,0x040C84,func_00040C84,7,1,2,0,0,1,,,
0xDD69EDFB,0x040CD8,func_00040CD8,3,1,0,0,1,1,,,
0xF96D270D,0x043170,func_00043170,5,1,0,0,1,1,,,
0x2F510B80,0x0431C8,func_000431C8,5,1,0,0,1,1,,,
0x1D821C84,0x043220,func_00043220,5,1,0,0,1,1,,,
0x379BEA78,0x0432F0,func_000432F0,3,1,0,0,1,1,,,
0x74E51EA4,0x04728C,func_0004728C,75,1,3,0,1,0,,ThreadManForUser,
0xD14D875D,0x049864,func_00049864,12,1,0,0,0,0,,,
0xD66F81DF,0x049894,func_00049894,3,1,1,0,0,1,,,
0xD7221D20,0x04B258,func_0004B258,2,1,0,0,0,1,,,
0xFF4748F0,0x04B360,func_0004B360,12,1,1,0,0,0,,,
0x057BAF6A,0x04B4F0,func_0004B4F0,18,1,2,0,0,0,,sceNetAdhoc;sceNetAdhocMatching,
0x0CEF10F0,0x04B674,func_0004B674,16,1,2,0,0,0,,,
0x6AE55E91,0x04B728,func_0004B728,12,1,1,0,0,0,,,
0xB722881B,0x04B758,func_0004B758,17,1,1,0,0,0,,sceNetAdhoc,
0x958F298F,0x04B95C,func_0004B95C,9,1,0,0,0,0,,,
0xD2B87B2C,0x04BAEC,func_0004BAEC,18,1,2,0,0,0,,,
0x027B9796,0x04BCC8,func_0004BCC8,16,1,2,0,0,0,,sceNetAdhoc,
0x6368BABC,0x04E90C,func_0004E90C,16,1,1,0,0,1,,,
0x2F21139D,0x04E94C,func_0004E94C,16,1,1,0,0,1,,,
0x19AC3ED4,0x04EB0C,func_0004EB0C,4,1,2,0,1,0,,,
0xE43434AC,0x04F74C,func_0004F74C,41,1,1,0,0,0,,,
0xCC32BE69,0x04FF58,func_0004FF58,430,1,1,0,1,0,,sceRtc,
0x008B4553,0x050D24,func_00050D24,9,1,0,0,0,0,,,
0xD9E726DC,0x050F5C,func_00050F5C,9,1,0,0,0,0,,,
0x4D1B2279,0x0510F8,func_000510F8,9,1,0,0,1,0,,,
0x49199F3F,0x05111C,func_0005111C,16,1,3,0,0,0,,,
0x569E5E02,0x051184,func_00051184,16,1,3,0,0,0,,,
0x9559D88B,0x0515FC,func_000515FC,17,1,0,0,0,0,,,
0x26BDF70F,0x0516B0,func_000516B0,12,1,0,0,1,0,,,
0x46EACB7C,0x051724,func_00051724,12,1,0,0,1,0,,,
0x74CB7D02,0x0517C8,func_000517C8,17,1,0,0,0,0,,,
0x5ED6B8AE,0x0518B0,func_000518B0,17,1,0,0,0,0,,,
0x7A8E41CA,0x051924,func_00051924,17,1,0,0,0,0,,,
0xC15BF702,0x051994,func_00051994,17,1,0,0,0,0,,,
0x6E04A2B5,0x051A08,func_00051A08,17,1,0,0,0,0,,,
0x3134F230,0x051A7C,func_00051A7C,17,1,0,0,0,0,,,
0x05FD3047,0x051AF0,func_00051AF0,20,1,1,0,0,0,,,
0x97D7BF5F,0x051B90,func_00051B90,17,1,0,0,0,0,,,
0x251128FD,0x051CA0,func_00051CA0,27,1,1,0,1,0,,,
0x0ED40BD9,0x051D0C,func_00051D0C,22,1,1,0,0,0,,,
0x6533F67D,0x051D64,func_00051D64,10,1,0,0,1,0,,,
0x99E9314A,0x051D8C,func_00051D8C,23,1,1,0,0,0,,,
0xF352F222,0x051E78,func_00051E78,10,1,0,0,1,0,,,
0x3191B26A,0x051EA0,func_00051EA0,23,1,1,0,0,0,,,
0x71B597B9,0x052B00,func_00052B00,15,1,1,0,1,0,,,
0x3BC985D1,0x052B84,func_00052B84,30,1,1,0,1,0,,,
0x5EB01D69,0x052C28,func_00052C28,52,1,2,0,0,0,,,
0xC23B8C57,0x052DAC,func_00052DAC,49,1,2,0,0,0,,,
0xAEA7AA02,0x05301C,func_0005301C,15,1,1,0,0,0,,,
0xE738DE20,0x053058,func_00053058,11,1,1,0,1,0,,,
0x7E155A3E,0x053180,func_00053180,26,1,1,0,0,0,,,
0x5096D1B3,0x0532D0,func_000532D0,9,1,0,0,0,0,,,
0x432B2436,0x053364,func_00053364,13,1,2,0,0,0,,,
0x218CCFB3,0x0534BC,func_000534BC,9,1,0,0,0,0,,,
0x93A6F5A4,0x0534E0,func_000534E0,11,1,0,0,0,0,,,
0x4B6108E5,0x053A00,func_00053A00,9,1,0,0,0,0,,,
0xB9661F20,0x053A24,func_00053A24,3,1,1,0,0,0,,,
0xD84432B6,0x053BBC,func_00053BBC,9,1,0,0,0,0,,,
0x78749045,0x054024,func_00054024,12,1,2,0,0,0,,,
0x9831163C,0x054054,func_00054054,10,1,0,0,1,0,,,
0xF7D9BEF6,0x0540FC,func_000540FC,10,1,0,0,1,0,,,
0x845D409B,0x054124,func_00054124,20,1,3,0,0,0,,,
0xF6845BB5,0x054A8C,func_00054A8C,13,1,0,0,0,0,,,
0xDF190399,0x055138,func_00055138,14,1,1,0,1,0,,,
0x2157B640,0x0552F0,func_000552F0,26,1,2,0,0,0,,,
0xCCDAED90,0x055358,func_00055358,21,1,0,0,1,0,,,
0x6CD914D3,0x055450,func_00055450,19,1,1,0,0,0,,,
0x11C6BBA1,0x0554C8,func_000554C8,12,1,1,0,0,0,,,
0x99C49A5D,0x055520,func_00055520,44,1,2,0,0,0,,,
0x635BB4EE,0x0555D0,func_000555D0,27,1,1,0,1,0,,,
0x756D3370,0x055A30,func_00055A30,12,1,1,0,1,0,,,
0x159AFF02,0x055A90,func_00055A90,10,1,0,0,1,0,,,
0xE0EB5D1B,0x055D5C,func_00055D5C,12,1,1,0,0,0,,,
0x788CFA4B,0x055E18,func_00055E18,15,1,2,0,1,1,,,
0x5305D550,0x0572D4,func_000572D4,4,1,1,0,0,0,,,
0x8B3C2942,0x058E90,func_00058E90,49,1,2,0,1,0,,,
0xBABCE790,0x059360,func_00059360,20,1,3,0,1,0,,,
0xBB977070,0x059448,func_00059448,12,1,3,0,1,0,,,
0xAC7C7A6A,0x059478,func_00059478,12,1,3,0,1,0,,,
0x994CF8F8,0x0594A8,func_000594A8,12,1,3,0,1,0,,,
0x44E1C5AD,0x0594D8,func_000594D8,12,1,3,0,1,0,,,
0xE4BD1C8F,0x059508,func_00059508,12,1,3,0,1,0,,,
0xC5F0D6F8,0x059538,func_00059538,12,1,3,0,1,0,,,
0x0A60B08B,0x0596A8,func_000596A8,8,1,0,0,1,0,,,
0x8F688257,0x059930,func_00059930,21,1,3,0,0,0,,,
0xEB6AD488,0x059DD4,func_00059DD4,242,1,2,0,1,0,,,
0x34F0F2A2,0x05A470,func_0005A470,12,1,1,0,0,0,,,
0xB2ECA684,0x05B79C,func_0005B79C,18,1,0,0,1,0,,,
0xB2C3FF7E,0x05D288,func_0005D288,29,1,1,0,1,1,,,
0x19CDE964,0x05D9E8,func_0005D9E8,103,1,1,0,1,1,,,
0x84F43A88,0x05EA88,func_0005EA88,4,1,1,0,0,0,,,
0xB86A0894,0x05EAB8,func_0005EAB8,4,1,1,0,0,0,,,
0xE65115B6,0x05EAC8,func_0005EAC8,4,1,1,0,0,0,,,
0xFA8128D9,0x05EC70,func_0005EC70,4,1,1,0,0,0,,,
0x57E56FD3,0x05EC80,func_0005EC80,4,1,1,0,0,0,,,
0xB1BA3637,0x05EC90,func_0005EC90,4,1,1,0,0,0,,,
0x50F5EBDB,0x05ED88,func_0005ED88,4,1,1,0,0,0,,,
0x985F3AE0,0x05F014,func_0005F014,61,1,1,0,1,0,,,
0xBBC7AF01,0x06D9FC,func_0006D9FC,5,1,2,0,0,1,,,
0x446D8DE6,0x06E224,ThreadManForUser_446D8DE6,0,1,0,0,0,1,,ThreadManForUser,ThreadManForUser
0xF475845D,0x06E184,ThreadManForUser_F475845D,0,1,0,0,0,1,,ThreadManForUser,ThreadManForUser
0x383F7BCC,0x06E1F4,ThreadManForUser_383F7BCC,0,1,0,0,0,1,,ThreadManForUser,ThreadManForUser
0xD6DA4BA1,0x06E104,ThreadManForUser_D6DA4BA1,0,1,0,0,0,1,,ThreadManForUser,ThreadManForUser
0x28B6489C,0x06E1C4,ThreadManForUser_28B6489C,0,1,0,0,0,1,,ThreadManForUser,ThreadManForUser
0x55C20A00,0x06E24C,ThreadManForUser_55C20A00,0,1,0,0,0,1,,ThreadManForUser,ThreadManForUser
0xEF9E4C70,0x06E174,ThreadManForUser_EF9E4C70,0,1,0,0,0,1,,ThreadManForUser,ThreadManForUser
0x20FFF560,0x06E17C,ThreadManForUser_20FFF560,0,1,0,0,0,1,,ThreadManForUser,ThreadManForUser
0x328F9E52,0x06E1E4,ThreadManForUser_328F9E52,0,1,0,0,0,1,,ThreadManForUser,ThreadManForUser
0x3624AE78,0x000698,func_00000698,79,0,0,0,1,0,sceGe_user_E47E40E4;ThreadManForUser_55C20A00;sceGe_user_A4FC06A4;sceGe_user_AB49E76A;sceGe_user_03444EB4;sceGe_user_B287BD61;ThreadManForUser_EF9E4C70;sceGe_user_05DB22CE,ThreadManForUser;sceGe_user,
0x748A3E9A,0x000A3C,func_00000A3C,72,0,1,0,1,0,Kernel_Library_092968F4;Kernel_Library_5F10D406,Kernel_Library;sceGe_user,
0x0F32AA45,0x000BE0,func_00000BE0,45,0,1,0,1,0,ThreadManForUser_402FCF22;ThreadManForUser_812346E4,ThreadManForUser,
0xA109D5DF,0x000C94,func_00000C94,45,0,1,0,1,0,,sceGe_user,
0xFF4AA179,0x000D48,func_00000D48,41,0,5,0,1,0,sceGe_user_AB49E76A;sceGe_user_1C0D95A6,sceGe_user,
0x1290E81A,0x000EC8,func_00000EC8,50,0,0,0,1,0,sceDisplay_289D82FE,sceDisplay,
0xCB7DC84F,0x000F90,func_00000F90,70,0,3,0,1,0,,,
0x9E6D4FF2,0x0010A8,func_000010A8,43,0,1,0,1,0,,,
0x58F73755,0x001154,func_00001154,75,0,1,0,1,1,,,
0xF80C91BB,0x001280,func_00001280,39,0,0,0,1,0,sceGe_user_E0D68148,sceGe_user,
0x9F92F1F7,0x00131C,func_0000131C,11,0,2,0,1,1,,,
0x41810056,0x001348,func_00001348,10,0,1,0,1,1,,,
0xFFEF73EB,0x001370,func_00001370,11,0,0,0,1,1,,,
0x7DEBF6FA,0x00139C,func_0000139C,17,0,0,0,1,1,,,
0x74149C02,0x00144C,func_0000144C,30,0,0,0,1,0,ThreadManForUser_EF9E4C70;sceGe_user_05DB22CE,ThreadManForUser;sceGe_user,
0xCCCC2EDC,0x0014E0,func_000014E0,20,0,1,0,1,1,,,
0x14B38E31,0x001530,func_00001530,6,0,0,0,1,1,,,
0x96CDBBA5,0x001548,func_00001548,14,0,2,0,0,0,,sceGe_user,
0xFBCD6A8F,0x001580,func_00001580,15,0,2,0,1,0,,,
0x965CA48B,0x0015BC,func_000015BC,8,0,0,0,1,0,sceGe_user_B448EC0D,sceGe_user,
0xC346B5C5,0x0015DC,func_000015DC,7,0,0,0,0,0,sceGe_user_4C06E472,sceGe_user,
0xBA640D21,0x0015F8,func_000015F8,3,0,1,0,0,1,,,
0x9B14983B,0x001670,func_00001670,28,0,1,0,1,0,sceDisplay_289D82FE,sceDisplay,
0xA79E81D7,0x0016E0,func_000016E0,29,0,4,0,1,0,,sceDisplay,
0xFBF63762,0x001754,func_00001754,20,0,3,0,1,1,,,
0xE4A45C4A,0x0017A4,func_000017A4,21,0,2,0,1,1,,,
0x7E0EADDE,0x0017F8,func_000017F8,22,0,1,0,1,0,,,
0x4B4F39FC,0x001850,func_00001850,23,0,1,0,1,0,,,
0x117A6250,0x0018AC,func_000018AC,35,0,2,0,0,0,,,
0xE23D564B,0x001938,func_00001938,9,0,1,0,1,1,,,
0x7A69A18E,0x00195C,func_0000195C,3,0,0,0,1,1,,,
0x6CAA7395,0x001968,func_00001968,11,0,2,0,1,0,,,
0xB2EC763D,0x001994,func_00001994,55,0,4,0,1,1,,,
0x5071E27A,0x001A70,func_00001A70,52,0,5,0,1,0,,sceGe_user,
0x5BC74146,0x001B40,func_00001B40,58,0,6,0,1,0,,sceGe_user,
0x9C6DC914,0x001C28,func_00001C28,71,0,5,0,1,0,,sceGe_user,
0x0510D59D,0x001D44,func_00001D44,79,0,7,0,1,0,,sceGe_user,
0x369F1278,0x001E80,func_00001E80,7,0,4,0,0,1,,,
0xF3870132,0x001E9C,func_00001E9C,23,0,7,0,1,0,,sceGe_user,
0x05750A7C,0x001EF8,func_00001EF8,58,0,8,0,1,1,,,
0xE4E2AD90,0x00203C,func_0000203C,41,0,4,0,1,1,,,
0xF0E6EE76,0x0020E0,func_000020E0,11,0,2,0,1,0,,,
0x3E91B57C,0x00210C,func_0000210C,10,0,1,0,0,0,,,
0x178A6887,0x002134,func_00002134,15,0,2,0,1,1,,,
0x71096C1D,0x002170,func_00002170,10,0,1,0,0,0,,,
0xE350525E,0x002198,func_00002198,16,0,1,0,1,1,,,
0x9094A8C2,0x0021D8,func_000021D8,11,0,2,0,1,0,,,
0x0F2615A4,0x002204,func_00002204,11,0,1,0,0,0,,,
0xBC927494,0x002230,func_00002230,16,0,1,0,1,1,,,
0x53A44C1F,0x002270,func_00002270,15,0,4,0,1,0,,,
0x68522D68,0x0022AC,func_000022AC,10,0,1,0,0,0,,,
0x5C5F727C,0x0022D4,func_000022D4,10,0,1,0,0,0,,,
0x8D9B9A1A,0x0022FC,func_000022FC,15,0,4,0,1,0,,,
0x5BA364BB,0x002338,func_00002338,10,0,1,0,1,1,,,
0x6768DC54,0x002360,func_00002360,27,0,1,0,1,1,,,
0xECF09C07,0x0023CC,func_000023CC,39,0,2,0,1,1,,,
0x43E715B7,0x002468,func_00002468,13,0,3,0,1,0,,,
0x3A4D566B,0x00249C,func_0000249C,15,0,4,0,1,0,,,
0x3BA5C5CC,0x0024D8,func_000024D8,11,0,2,0,1,1,,,
0x16AB1034,0x002504,func_00002504,16,0,2,0,1,1,,,
0xBDEA3115,0x002544,func_00002544,10,0,0,0,1,1,,,
0x8053C305,0x00256C,func_0000256C,11,0,2,0,1,1,,,
0x9A2224D3,0x002598,func_00002598,22,0,1,0,1,1,,,
0xD4042F7C,0x0025F0,func_000025F0,20,0,3,0,1,1,,,
0xBE7B518F,0x002640,func_00002640,14,0,1,0,1,1,,,
0x806B7B05,0x002678,func_00002678,8,0,0,0,1,1,,,
0x7E5AED26,0x002698,func_00002698,32,0,5,0,1,1,,,
0xB07562AB,0x002718,func_00002718,17,0,0,0,1,1,,,
0x8641512C,0x00275C,func_0000275C,8,0,0,0,1,1,,,
0xE4EBCEE2,0x00277C,func_0000277C,11,0,0,0,1,1,,,
0x050A7EB0,0x0027A8,func_000027A8,15,0,4,0,1,1,,,
0x29631777,0x0027E4,func_000027E4,19,0,2,0,1,1,,,
0xB47BC55F,0x002830,func_00002830,33,0,0,0,1,1,,,
0x4EEDC120,0x0028B4,func_000028B4,18,0,1,0,1,1,,,
0xF99F7FFB,0x0028FC,func_000028FC,15,0,3,0,1,1,,,
0xA24AF273,0x002938,func_00002938,9,0,1,0,1,1,,,
0xE587A0AB,0x00295C,func_0000295C,9,0,1,0,1,1,,,
0x59441F22,0x002980,func_00002980,16,0,1,0,1,1,,,
0xB8730CB7,0x0029C0,func_000029C0,15,0,4,0,1,0,,,
0xB3483885,0x0029FC,func_000029FC,13,0,3,0,1,1,,,
0xB0B70670,0x002A30,func_00002A30,10,0,1,0,1,1,,,
0xF668966A,0x002A58,func_00002A58,13,0,3,0,1,1,,,
0xC14CA370,0x002A8C,func_00002A8C,22,0,3,0,1,1,,,
0x00CD91E3,0x002AE4,func_00002AE4,41,0,2,0,1,1,,,
0x6FA368CE,0x002B88,func_00002B88,15,0,1,0,0,1,,,
0x85144720,0x003F50,func_00003F50,157,0,0,0,1,0,sceGe_user_E47E40E4,sceGe_user,
0x09F5941E,0x0061C8,func_000061C8,81,0,0,0,1,0,,,
0xB1A37F44,0x007E84,func_00007E84,65,0,1,0,1,0,,,
0xB8D7C11E,0x008EA4,func_00008EA4,15,0,2,0,0,0,,Kernel_Library;SysMemUserForUser,
0xCAB439DF,0x00B394,func_0000B394,22,0,8,0,1,0,,Kernel_Library;SysMemUserForUser,
0x27F9052C,0x00C9E0,func_0000C9E0,34,0,8,0,1,0,,Kernel_Library;SysMemUserForUser,
0x00D1378F,0x012D58,func_00012D58,52,0,3,0,1,0,,,
0x4BDEB2A8,0x012FF0,func_00012FF0,15,0,1,0,1,0,,,
0xD9392CCB,0x01302C,func_0001302C,15,0,1,0,1,0,,,
0x8F3D00D1,0x0139CC,func_000139CC,4,0,0,0,1,1,,,
0x74161A40,0x0139DC,func_000139DC,4,0,0,0,1,1,,,
0x40303F26,0x0139EC,func_000139EC,2,0,0,0,0,1,,,
0xE0D05CDA,0x0139F4,func_000139F4,7,0,0,0,1,1,,,
0x25392D5A,0x014680,func_00014680,32,0,2,0,1,0,,,
0x25D8DB5C,0x014700,func_00014700,28,0,2,0,1,0,,,
0x333F5B0C,0x014780,func_00014780,6,0,2,0,1,1,,,
0xE64C3946,0x014798,func_00014798,4,0,1,0,1,1,,,
0x9F463359,0x0147A8,func_000147A8,5,0,1,0,1,1,,,
0x6E92CF51,0x0147BC,func_000147BC,8,0,2,0,1,1,,,
0x9CF6E52E,0x0147DC,func_000147DC,8,0,2,0,1,1,,,
0x73570699,0x0147FC,func_000147FC,8,0,2,0,1,1,,,
0xEAFA1BC0,0x01481C,func_0001481C,8,0,2,0,1,1,,,
0x1F3AAFF2,0x01483C,func_0001483C,8,0,2,0,1,1,,,
0xAA6E3AEA,0x01485C,func_0001485C,10,0,3,0,1,1,,,
0x8A435D84,0x0148AC,func_000148AC,10,0,3,0,1,1,,,
0x1D267982,0x0148D4,func_000148D4,10,0,3,0,1,1,,,
0x509A66E6,0x0148FC,func_000148FC,9,0,2,0,1,1,,,
0xE27E6E5E,0x014920,func_00014920,8,0,2,0,1,1,,,
0x633C134B,0x014998,func_00014998,15,0,2,0,1,1,,,
0x34796DBE,0x0149D4,func_000149D4,18,0,3,0,1,1,,,
0x21F68B7A,0x014A1C,func_00014A1C,18,0,3,0,1,1,,,
0x29DE8D72,0x014A84,func_00014A84,4,0,1,0,0,1,,,
0xE3A55ECE,0x014A94,func_00014A94,7,0,1,0,0,1,,,
0x0A9B32C8,0x014AB0,func_00014AB0,10,0,2,0,1,1,,,
0x65F6CB75,0x014AD8,func_00014AD8,6,0,1,0,1,1,,,
0xD8738701,0x014B28,func_00014B28,9,0,1,0,0,1,,,
0xAA923EC4,0x014B4C,func_00014B4C,12,0,2,0,0,1,,,
0xC0028BAA,0x014BB0,func_00014BB0,5,0,1,0,1,1,,,
0xF2609482,0x014BC4,func_00014BC4,6,0,1,0,1,1,,,
0x7D47E137,0x014BDC,func_00014BDC,10,0,2,0,1,1,,,
0xDE9A11C7,0x014C04,func_00014C04,10,0,2,0,1,1,,,
0x3BBF0BD5,0x014C2C,func_00014C2C,10,0,2,0,1,1,,,
0x5341BF3B,0x014C7C,func_00014C7C,11,0,2,0,1,1,,,
0xCD1F4251,0x014D44,func_00014D44,15,0,3,0,1,1,,,
0xA8EB39C9,0x014D80,func_00014D80,12,0,2,0,1,1,,,
0xD0B3477A,0x014E50,func_00014E50,17,0,2,0,1,1,,,
0x43DDAC30,0x014EC8,func_00014EC8,13,0,3,0,1,1,,,
0x44AF2C28,0x014F2C,func_00014F2C,13,0,3,0,1,1,,,
0x491FAF71,0x014F60,func_00014F60,9,0,1,0,0,1,,,
0xEAF270E3,0x014F84,func_00014F84,9,0,1,0,0,1,,,
0xAE579B2F,0x014FA8,func_00014FA8,12,0,2,0,1,1,,,
0x42DAB93C,0x014FD8,func_00014FD8,8,0,1,0,1,1,,,
0x9CB86EC7,0x015020,func_00015020,11,0,2,0,1,1,,,
0xD3D74A05,0x01508C,func_0001508C,10,0,1,0,0,1,,,
0xFEA9D478,0x0150B4,func_000150B4,14,0,2,0,0,1,,,
0x722A420F,0x015104,func_00015104,5,0,1,0,1,1,,,
0x2034FFD9,0x015158,func_00015158,7,0,1,0,1,1,,,
0x67537638,0x015174,func_00015174,6,0,2,0,1,1,,,
0x75ED958E,0x01518C,func_0001518C,6,0,2,0,1,1,,,
0x839DF9E1,0x0151A4,func_000151A4,6,0,2,0,1,1,,,
0x8049B8DF,0x0151BC,func_000151BC,6,0,2,0,1,1,,,
0x3A786605,0x0151D4,func_000151D4,6,0,2,0,1,1,,,
0x23E473A6,0x015240,func_00015240,7,0,3,0,1,1,,,
0x2314BC7B,0x01525C,func_0001525C,7,0,3,0,1,1,,,
0x06F6A476,0x015278,func_00015278,7,0,3,0,1,1,,,
0x2C0929FE,0x015294,func_00015294,10,0,3,0,1,1,,,
0x5FCDA4DC,0x0152BC,func_000152BC,10,0,3,0,1,1,,,
0xE0786B49,0x0152E4,func_000152E4,15,0,2,0,1,1,,,
0xDDEE7637,0x015320,func_00015320,14,0,2,0,1,1,,,
0xE0277A7D,0x0153F0,func_000153F0,13,0,2,0,1,1,,,
0xE60A581A,0x015424,func_00015424,13,0,2,0,1,1,,,
0x5705C256,0x015458,func_00015458,7,0,3,0,1,1,,,
0xBC31AC59,0x015474,func_00015474,7,0,3,0,1,1,,,
0x538A2A9D,0x015490,func_00015490,8,0,2,0,0,1,,,
0xBB238B83,0x0154F0,func_000154F0,7,0,1,0,0,1,,,
0x32CB111B,0x01550C,func_0001550C,7,0,1,0,0,1,,,
0x94C81EE5,0x015528,func_00015528,8,0,2,0,1,1,,,
0xD5A72405,0x015548,func_00015548,10,0,1,0,1,1,,,
0x6A99CCE6,0x015570,func_00015570,6,0,2,0,1,1,,,
0x30E4D15E,0x015588,func_00015588,7,0,2,0,1,1,,,
0xC5F4027B,0x0155A4,func_000155A4,12,0,2,0,1,1,,,
0x67C2A9DD,0x015604,func_00015604,14,0,2,0,1,1,,,
0x3A2F8A0C,0x01563C,func_0001563C,8,0,1,0,0,1,,,
0xFD0887C4,0x0156A4,func_000156A4,12,0,1,0,1,0,,,
0xBD6A07AE,0x0156D4,func_000156D4,10,0,2,0,1,1,,,
0xE537EF14,0x01572C,func_0001572C,16,0,3,0,1,1,,,
0xBD585F5E,0x01576C,func_0001576C,21,0,2,0,1,0,,,
0x1192AA93,0x0157C0,func_000157C0,10,0,2,0,1,1,,,
0x533C4C02,0x01583C,func_0001583C,14,0,1,0,1,0,,,
0x5DCA22C2,0x015874,func_00015874,4,0,1,0,0,1,,,
0xCF75DBDF,0x015884,func_00015884,10,0,1,0,0,1,,,
0xE57BB5C2,0x0158AC,func_000158AC,12,0,2,0,1,1,,,
0xECAAC680,0x015910,func_00015910,13,0,1,0,1,1,,,
0x5DE2FCC0,0x015944,func_00015944,19,0,2,0,1,1,,,
0xEE9A0DEC,0x015A58,func_00015A58,24,0,2,0,1,1,,,
0x29FE3E73,0x015AB8,func_00015AB8,21,0,2,0,1,1,,,
0xB3B9BF75,0x015DF8,func_00015DF8,26,0,1,0,1,0,,,
0x5744BFB1,0x015E60,func_00015E60,6,0,1,0,0,1,,,
0xEBBBD96E,0x015E78,func_00015E78,23,0,1,0,0,1,,,
0xCE2F1A73,0x015ED4,func_00015ED4,39,0,2,0,1,1,,,
0xB327C8B9,0x015F70,func_00015F70,30,0,2,0,1,1,,,
0x10601B88,0x01606C,func_0001606C,10,0,2,0,1,1,,,
0x1B9FDB6F,0x016094,func_00016094,10,0,2,0,1,1,,,
0x98709196,0x01614C,func_0001614C,14,0,2,0,1,1,,,
0x95739712,0x016330,func_00016330,64,0,3,0,1,1,,,
0x2D146EC7,0x016430,func_00016430,41,0,1,0,1,0,,,
0x187E033E,0x0164D4,func_000164D4,8,0,1,0,0,1,,,
0x538D8F89,0x0164F4,func_000164F4,53,0,1,0,0,1,,,
0x732C4F28,0x0165C8,func_000165C8,63,0,2,0,1,1,,,
0x26168205,0x0166C4,func_000166C4,21,0,2,0,1,1,,,
0xFE7BDE64,0x016738,func_00016738,23,0,0,0,0,1,,,
0xD829D719,0x016998,func_00016998,10,0,0,0,0,1,,,
0x6C97C2FD,0x0169C0,func_000169C0,9,0,0,0,0,1,,,
0x1C922D69,0x0169E4,func_000169E4,10,0,0,0,0,1,,,
0x880B3B57,0x016A0C,func_00016A0C,8,0,0,0,0,1,,,
0xF1C199B4,0x016A2C,func_00016A2C,10,0,0,0,0,1,,,
0x34592A20,0x016AD4,func_00016AD4,8,0,0,0,0,1,,,
0xC012BD05,0x016B18,func_00016B18,8,0,0,0,0,1,,,
0x6CF80554,0x016B80,func_00016B80,11,0,0,0,0,1,,,
0x7A15809D,0x016BAC,func_00016BAC,9,0,0,0,0,1,,,
0x33FDC8BA,0x016BD0,func_00016BD0,45,0,1,0,1,1,,,
0x633728A5,0x016C84,func_00016C84,6,0,1,0,1,1,,,
0xA27FD171,0x016C9C,func_00016C9C,5,0,1,0,1,1,,,
0xCE7D2C9E,0x016CB0,func_00016CB0,10,0,2,0,1,1,,,
0x31EA10A8,0x016CD8,func_00016CD8,6,0,1,0,1,1,,,
0x85EBD3B4,0x016D14,func_00016D14,14,0,7,0,1,1,,,
0x1ABDBABF,0x016D4C,func_00016D4C,18,0,6,0,1,1,,,
0x0B93F1FE,0x016DB0,func_00016DB0,18,0,2,0,1,1,,,
0x01B0C3EE,0x016DF8,func_00016DF8,20,0,2,0,1,1,,,
0xF99533C5,0x016E48,func_00016E48,23,0,2,0,1,1,,,
0xB1682E28,0x016EA4,func_00016EA4,7,0,3,0,1,1,,,
0x0ECB8E01,0x016EC0,func_00016EC0,7,0,3,0,1,1,,,
0x5606B326,0x016EDC,func_00016EDC,7,0,3,0,1,1,,,
0x3E4223FE,0x016EF8,func_00016EF8,7,0,3,0,1,1,,,
0x4877BD68,0x016F14,func_00016F14,7,0,3,0,1,1,,,
0x4056A4DA,0x016F30,func_00016F30,7,0,3,0,1,1,,,
0xD250640E,0x016F4C,func_00016F4C,6,0,2,0,1,1,,,
0xF7BCED2E,0x016F64,func_00016F64,6,0,2,0,1,1,,,
0x89165328,0x016FA8,func_00016FA8,11,0,3,0,1,1,,,
0xECCB2666,0x016FD4,func_00016FD4,8,0,2,0,1,1,,,
0x6FD8157A,0x016FF4,func_00016FF4,8,0,2,0,1,1,,,
0xDE3AFA05,0x017014,func_00017014,13,0,2,0,1,1,,,
0x58DCA3EF,0x017048,func_00017048,13,0,2,0,1,1,,,
0xD0DF548E,0x01707C,func_0001707C,7,0,3,0,1,1,,,
0xF412CF9E,0x017098,func_00017098,7,0,3,0,1,1,,,
0x6B7AF67C,0x0170B4,func_000170B4,8,0,2,0,1,1,,,
0x85F55944,0x0170D4,func_000170D4,10,0,1,0,1,1,,,
0xF7A9960F,0x0170FC,func_000170FC,13,0,2,0,1,1,,,
0x4858BC84,0x017130,func_00017130,14,0,2,0,1,1,,,
0xB65A3F92,0x017168,func_00017168,12,0,0,0,0,0,,,
0x156FE253,0x017198,func_00017198,10,0,0,0,0,1,,,
0xA845C069,0x0171C0,func_000171C0,10,0,0,0,0,1,,,
0x89160DF1,0x0171E8,func_000171E8,10,0,0,0,0,1,,,
0xCA9896F0,0x017210,func_00017210,7,0,1,0,1,1,,,
0xB2DA8CC7,0x01722C,func_0001722C,14,0,1,0,1,1,,,
0xB4C1C542,0x017264,func_00017264,99,0,3,0,1,0,,,
0x45A1EA6F,0x01747C,func_0001747C,33,0,1,0,1,1,,,
0x59A406B3,0x01758C,func_0001758C,45,0,4,0,1,0,,,
0x0E65F6C2,0x017640,func_00017640,59,0,1,0,1,0,,,
0x0962DB03,0x01772C,func_0001772C,12,0,3,0,1,1,,,
0x1C2A2A76,0x01775C,func_0001775C,22,0,7,0,1,1,,,
0xEA203626,0x017A28,func_00017A28,86,0,2,0,1,0,,,
0xB5179384,0x017B80,func_00017B80,89,0,2,0,1,0,,,
0x3F998799,0x017CE4,func_00017CE4,5,0,1,0,1,1,,,
0xA6344995,0x017CF8,func_00017CF8,10,0,2,0,1,1,,,
0x7EC5181C,0x017D84,func_00017D84,10,0,3,0,1,1,,,
0x1BAA2B93,0x017DAC,func_00017DAC,7,0,3,0,1,1,,,
0x32F52CAC,0x017DC8,func_00017DC8,7,0,3,0,1,1,,,
0x9F5F98AB,0x017E00,func_00017E00,8,0,2,0,0,1,,,
0xB079A5D1,0x017ECC,func_00017ECC,130,0,5,0,1,1,,,
0x9460BD06,0x0180D4,func_000180D4,8,0,2,0,1,1,,,
0x5C2835DE,0x0180F4,func_000180F4,6,0,2,0,1,1,,,
0x966FBCFA,0x01810C,func_0001810C,9,0,2,0,1,1,,,
0xE8EA9D7C,0x018130,func_00018130,18,0,2,0,1,1,,,
0x0EBB4C05,0x018178,func_00018178,18,0,2,0,1,1,,,
0xD0C4434B,0x0181FC,func_000181FC,18,0,5,0,1,1,,,
0xFB137DE8,0x018244,func_00018244,18,0,1,0,1,1,,,
0x1E065125,0x0186A8,func_000186A8,15,0,1,0,1,0,,,
0xF020EBBF,0x0186E4,func_000186E4,27,0,1,0,1,0,,,
0x7ABCF8B3,0x018AF0,func_00018AF0,36,0,3,0,1,1,,,
0xB8B3D402,0x018B80,func_00018B80,54,0,0,0,1,0,,,
0x6B6D0FF6,0x018C58,func_00018C58,10,0,0,0,1,1,,,
0x394264C5,0x018C80,func_00018C80,10,0,0,0,1,1,,,
0x7DE847A6,0x018CA8,func_00018CA8,68,0,1,0,1,0,ThreadManForUser_446D8DE6;ThreadManForUser_F475845D;ThreadManForUser_D6DA4BA1;ThreadManForUser_B7D098C6,ThreadManForUser,
0xAB8E61ED,0x018DB8,func_00018DB8,27,0,0,0,1,0,ThreadManForUser_28B6489C;ThreadManForUser_F8170FBE,ThreadManForUser,
0x38FE0286,0x018E48,func_00018E48,397,0,5,0,1,0,sceIoOpen;sceIoClose;ThreadManForUser_B011B11F;ThreadManForUser_6B30100F;sceIoLseek;sceIoRead,IoFileMgrForUser;Kernel_Library;SysMemUserForUser;ThreadManForUser;sceUmdUser,
0x7C494436,0x019A00,func_00019A00,16,0,2,0,0,0,ModuleMgrForUser_977DE386,IoFileMgrForUser;Kernel_Library;ModuleMgrForUser;SysMemUserForUser;ThreadManForUser,
0xD0C343D9,0x01A6A4,func_0001A6A4,21,0,0,0,1,0,ThreadManForUser_B011B11F;ThreadManForUser_6B30100F,ThreadManForUser,
0x8BADC629,0x01A6F8,func_0001A6F8,26,0,0,0,1,0,ThreadManForUser_B011B11F;ThreadManForUser_6B30100F,IoFileMgrForUser;ThreadManForUser,
0x993927FF,0x01AB9C,func_0001AB9C,29,0,0,0,1,0,,Kernel_Library;UtilsForUser;sceCtrl;sceDisplay;sceGe_user;sceUtility,
0xB96BE4FA,0x01AC10,func_0001AC10,28,0,0,0,0,0,,Kernel_Library;UtilsForUser;sceCtrl;sceDisplay;sceGe_user;sceUtility,
0x87D36544,0x01AC80,func_0001AC80,43,0,4,0,1,0,,,
0x4A87215E,0x01AD2C,func_0001AD2C,24,0,3,0,1,1,,,
0x30195AE1,0x01AD94,func_0001AD94,2,0,2,0,0,1,,,
0x052CE07A,0x01ADB8,func_0001ADB8,103,0,2,0,1,0,,,
0x2208E292,0x01B168,func_0001B168,3,0,1,0,0,1,,,
0xEC485288,0x01B174,func_0001B174,38,0,2,0,1,0,,,
0x438AF685,0x01B218,func_0001B218,30,0,1,0,1,0,,,
0x02087CCD,0x01E514,func_0001E514,80,0,5,0,1,0,,IoFileMgrForUser;Kernel_Library;SysMemUserForUser;ThreadManForUser;sceUmdUser,
0xCD1F527F,0x01E694,func_0001E694,90,0,1,0,1,0,,,
0x5AF6DCB3,0x01EA54,func_0001EA54,8,0,1,0,1,1,,,
0x45DD9F15,0x01EF50,func_0001EF50,12,0,0,0,0,0,,,
0xF87C25AD,0x01EF80,func_0001EF80,68,0,2,0,1,0,,,
0x409F7D2C,0x01F090,func_0001F090,43,0,1,0,1,0,,,
0x96E969F2,0x01F13C,func_0001F13C,71,0,7,0,1,0,,IoFileMgrForUser;Kernel_Library;SysMemUserForUser;ThreadManForUser;sceUmdUser,
0x99DEB49A,0x01F540,func_0001F540,3,0,1,0,0,1,,,
0xD7022D7C,0x01F614,func_0001F614,308,0,1,0,1,0,sceIoOpen;sceIoClose;sceIoWrite;UtilsForUser_B435DEC5;sceGe_user_E47E40E4,IoFileMgrForUser;Kernel_Library;SysMemUserForUser;UtilsForUser;sceGe_user,
0x7507125A,0x01FAE4,func_0001FAE4,262,0,1,0,1,0,sceIoOpen;sceIoClose;sceIoWrite;UtilsForUser_B435DEC5;sceGe_user_E47E40E4,IoFileMgrForUser;Kernel_Library;SysMemUserForUser;UtilsForUser;sceGe_user,
0x5BC49B88,0x020090,func_00020090,31,0,0,0,0,0,sceGe_user_AB49E76A;sceGe_user_03444EB4,sceGe_user,
0x21B583F8,0x02010C,func_0002010C,27,0,2,0,1,1,,,
0x8010310A,0x020178,func_00020178,23,0,3,0,1,0,,,
0xACD5063A,0x0201D4,func_000201D4,93,0,1,0,1,0,,,
0xB779DF4A,0x020414,func_00020414,43,0,2,0,1,0,sceGe_user_E47E40E4;UtilsForUser_B435DEC5,UtilsForUser;sceGe_user,
0xFF576F7D,0x0204C0,func_000204C0,5,0,1,0,1,1,,,
0x1F5631FE,0x0204D4,func_000204D4,3,0,1,0,0,1,,,
0x5F0E84DA,0x0204E0,func_000204E0,18,0,1,0,0,0,,Kernel_Library;sceGe_user,
0x8AE6885B,0x020638,func_00020638,21,0,2,0,0,0,,Kernel_Library;sceGe_user,
0x8717D4DE,0x020BB8,func_00020BB8,83,0,3,0,1,0,,,
0x58E336A6,0x020EEC,func_00020EEC,11,0,1,0,0,0,sceGe_user_1F6752AD,sceGe_user,
0xD6FFD2F4,0x020F18,func_00020F18,5,0,0,0,0,1,,,
0x07D0F66F,0x020F2C,func_00020F2C,19,0,1,0,1,1,,,
0x28CC0242,0x020F78,func_00020F78,85,0,2,0,1,0,,,
0xDEEE4B6D,0x0210CC,func_000210CC,3,0,0,0,1,1,,,
0x800176DD,0x0210D8,func_000210D8,6,0,0,0,1,1,,,
0x3BB325BD,0x0210F0,func_000210F0,10,0,1,0,0,0,,,
0x233752D9,0x021394,func_00021394,165,0,5,0,1,0,,,
0x76EA262B,0x021628,func_00021628,15,0,0,0,1,0,,Kernel_Library;sceGe_user,
0xA898CCB6,0x021778,func_00021778,13,0,0,0,0,0,,Kernel_Library;sceGe_user,
0xC3955DEF,0x0217B4,func_000217B4,61,0,1,0,0,1,,,
0xCE3E50F0,0x0218A8,func_000218A8,59,0,1,0,0,1,,,
0x286A42AE,0x021AAC,func_00021AAC,33,0,1,0,0,1,,,
0xD39FFD19,0x021DC8,func_00021DC8,4,0,1,0,0,0,,,
0x3E69656B,0x022068,func_00022068,35,0,5,0,0,0,,Kernel_Library;sceGe_user,
0x32E84473,0x022164,func_00022164,39,0,6,0,0,0,,Kernel_Library;sceGe_user,
0x5CB4B229,0x022200,func_00022200,32,0,7,0,0,0,,,
0x7E266873,0x022280,func_00022280,35,0,5,0,0,0,,Kernel_Library;sceGe_user,
0x8EC74810,0x02230C,func_0002230C,28,0,6,0,0,0,,,
0x694EA1D3,0x02237C,func_0002237C,43,0,7,0,0,0,,Kernel_Library;sceGe_user,
0x9C0CA1EC,0x022428,func_00022428,36,0,8,0,0,0,,,
0x9B9F5533,0x0224B8,func_000224B8,283,0,1,0,1,0,,,
0x8E572265,0x022924,func_00022924,9,0,0,0,0,1,,,
0x865D0262,0x022B98,func_00022B98,85,0,3,0,1,0,,,
0xCAFE62AD,0x022E58,func_00022E58,18,0,2,0,1,1,,,
0xDBB7B0DE,0x023E70,func_00023E70,196,0,5,0,1,0,,,
0x374CB8B0,0x024180,func_00024180,133,0,6,0,1,0,,,
0x00B2A17D,0x02468C,func_0002468C,71,0,1,0,1,0,,,
0xFC7F84E6,0x0247A8,func_000247A8,28,0,0,0,1,0,,,
0x0142A243,0x024D5C,func_00024D5C,61,0,1,0,1,0,,,
0x6EAC9F12,0x024E94,func_00024E94,3,0,1,0,0,1,,,
0xBE9D1FFF,0x025350,func_00025350,11,0,1,0,1,1,,,
0xECD273E2,0x025388,func_00025388,3,0,0,0,1,1,,,
0x38D3C19B,0x0258E0,func_000258E0,79,0,7,0,1,0,,,
0x19FD1D86,0x025A1C,func_00025A1C,63,0,6,0,1,0,,,
0x52D0E999,0x025B18,func_00025B18,67,0,8,0,1,0,,,
0x36C112F1,0x025C24,func_00025C24,20,0,3,0,1,0,,,
0x24801B6A,0x025C74,func_00025C74,28,0,2,0,1,0,,,
0x83C0D8FF,0x025F04,func_00025F04,76,0,5,0,1,0,,,
0x4B007B53,0x026034,func_00026034,16,0,1,0,1,1,,,
0xF188782B,0x0261A0,func_000261A0,22,0,2,0,1,0,,,
0x16E920B8,0x026790,func_00026790,52,0,5,0,1,0,,,
0x4DF6D3AB,0x026860,func_00026860,34,0,4,0,1,0,,,
0xB06F0762,0x0268E8,func_000268E8,104,0,3,0,1,0,,,
0xCB97E458,0x026A88,func_00026A88,38,0,2,0,1,0,,,
0xBC3F77A0,0x026C7C,func_00026C7C,42,0,3,0,1,0,,,
0xCF47636B,0x027144,func_00027144,25,0,2,0,1,0,,,
0x9745A7D1,0x0271A8,func_000271A8,21,0,0,0,1,0,,,
0x1CE50213,0x02727C,func_0002727C,27,0,2,0,1,0,,,
0xE32ADBC7,0x0274D8,func_000274D8,24,0,5,0,1,0,,,
0x5F834D2C,0x027698,func_00027698,28,0,4,0,1,0,,,
0x8A52EC5C,0x027920,func_00027920,83,0,2,0,1,0,,,
0xE599DB39,0x027A6C,func_00027A6C,18,0,2,0,1,0,,,
0x976B2895,0x027E0C,func_00027E0C,62,0,0,0,0,0,,,
0xD21E2FFA,0x027F04,func_00027F04,3,0,1,0,0,1,,,
0x1EDC6EA5,0x027F10,func_00027F10,127,0,1,0,1,0,,,
0x25D858B5,0x02833C,func_0002833C,374,0,6,0,1,0,,,
0x60F59CFF,0x028914,func_00028914,5,0,1,0,1,1,,,
0x9EAB778A,0x028928,func_00028928,5,0,1,0,1,1,,,
0x04959EB3,0x028BB4,func_00028BB4,69,0,1,0,1,0,,,
0x11A11370,0x029410,func_00029410,2,0,1,0,1,1,,,
0x03649D25,0x029938,func_00029938,2,0,1,0,1,1,,,
0x9E3D774E,0x029940,func_00029940,56,0,2,0,1,0,,,
0xE5BD286C,0x02BA34,func_0002BA34,90,0,0,0,1,0,,,
0x81D1EAA6,0x02BC9C,func_0002BC9C,44,0,1,0,1,1,,,
0x1DFA345A,0x02BD4C,func_0002BD4C,151,0,4,0,1,0,,,
0xD82485CE,0x02C340,func_0002C340,12,0,1,0,1,1,,,
0x79BB72A4,0x02C370,func_0002C370,7,0,1,0,1,1,,,
0xDE7B48B0,0x02C38C,func_0002C38C,15,0,0,0,1,0,,,
0x3FAA4A8A,0x02C3C8,func_0002C3C8,46,0,0,0,1,0,,,
0x782F3ABD,0x02C508,func_0002C508,10,0,0,0,1,0,,,
0x44A58AF2,0x02C530,func_0002C530,12,0,0,0,1,0,,,
0x5424E577,0x02C5C0,func_0002C5C0,9,0,1,0,1,1,,,
0x077F0283,0x02C5E4,func_0002C5E4,10,0,0,0,1,0,,,
0x2473E015,0x02C60C,func_0002C60C,10,0,0,0,1,0,,,
0x411B7C01,0x02C634,func_0002C634,10,0,0,0,1,0,,,
0x7DE210DA,0x02C65C,func_0002C65C,10,0,0,0,1,0,,,
0x65ED022B,0x02C684,func_0002C684,15,0,1,0,1,0,,,
0xF77BB2FC,0x02C6C0,func_0002C6C0,17,0,0,0,1,0,,,
0xD98265C5,0x02C704,func_0002C704,17,0,0,0,1,0,,,
0x40098E0B,0x02C748,func_0002C748,17,0,0,0,1,0,,,
0xDFB829CE,0x02C78C,func_0002C78C,17,0,0,0,1,0,,,
0x518A6CBF,0x02C7D0,func_0002C7D0,24,0,2,0,1,0,,,
0xC7E98943,0x02C830,func_0002C830,24,0,2,0,1,0,,,
0x29534469,0x02C890,func_0002C890,17,0,1,0,1,0,,,
0xD26EE46E,0x02C8D4,func_0002C8D4,21,0,2,0,0,0,,,
0xCB012ADF,0x02C928,func_0002C928,4,0,0,0,1,1,,,
0x271B1003,0x02C990,func_0002C990,22,0,1,0,1,0,,,
0x2C2A4686,0x02CA5C,func_0002CA5C,45,0,1,0,1,0,,,
0xC4863568,0x02CE94,func_0002CE94,2,0,1,0,0,0,,,
0xE6C7AA85,0x02E5F4,func_0002E5F4,15,0,2,0,0,1,,,
0x646197AD,0x02EBA0,func_0002EBA0,29,0,6,0,1,0,,,
0x5AF04A70,0x02F3E0,func_0002F3E0,3,0,1,0,0,1,,,
0x61F58750,0x02F508,func_0002F508,3,0,0,0,1,1,,,
0x91376D2D,0x02F520,func_0002F520,3,0,0,0,1,1,,,
0x8A39914B,0x02F950,func_0002F950,2,0,0,0,0,0,,,
0xAAB1C4E7,0x02F9D4,func_0002F9D4,19,0,1,0,1,1,,,
0x9D535D04,0x030284,func_00030284,2,0,1,0,0,0,,,
0xEFFF02BF,0x030618,func_00030618,2,0,0,0,0,0,,sceImpose,
0xE292693D,0x030620,func_00030620,2,0,0,0,1,1,,,
0x1EDFA6C8,0x030730,func_00030730,33,0,2,0,1,1,,,
0x31528DE4,0x0307CC,func_000307CC,38,0,2,0,1,1,,,
0xB3919806,0x030CA8,func_00030CA8,3,0,0,0,1,1,,,
0x0F0E866E,0x030CB4,func_00030CB4,5,0,0,0,0,0,,,
0xAA2807B4,0x030EF8,func_00030EF8,3,0,1,0,0,1,,,
0xAEEBA843,0x030F04,func_00030F04,3,0,0,0,1,1,,,
0x9CDD0B89,0x03124C,func_0003124C,4,0,2,0,0,0,,Kernel_Library;ThreadManForUser;sceGe_user;sceLibFont,
0xF8373815,0x031640,func_00031640,5,0,3,0,0,0,,Kernel_Library;ThreadManForUser;sceGe_user;sceLibFont,
0x038C870E,0x031E3C,func_00031E3C,111,0,4,0,1,0,,Kernel_Library;ThreadManForUser;sceGe_user;sceLibFont,
0xF568F914,0x032078,func_00032078,95,0,8,0,0,0,,sceLibFont,
0xE3B314ED,0x0321F4,func_000321F4,141,0,5,0,1,0,,,
0x99BB3407,0x032B64,func_00032B64,31,0,4,0,0,0,,,
0xAC1335A7,0x032BE0,func_00032BE0,31,0,4,0,0,0,,,
0xA1C3E280,0x032C5C,func_00032C5C,43,0,4,0,1,0,,,
0xAE5AAE9C,0x032D08,func_00032D08,81,0,5,0,1,0,,,
0x0EFF46B2,0x032F8C,func_00032F8C,81,0,5,0,1,0,,,
0x583628F4,0x0330D0,func_000330D0,148,0,5,0,1,0,,,
0xD29E04B6,0x033320,func_00033320,119,0,5,0,1,0,,,
0x191D0BA3,0x0334FC,func_000334FC,248,0,8,0,1,0,,sceLibFont,
0xB7BDC0A5,0x0338DC,func_000338DC,96,0,6,0,1,0,,,
0xACA8DB56,0x033A5C,func_00033A5C,210,0,8,0,1,0,,,
0x5E0AA233,0x034140,func_00034140,57,0,5,0,1,0,,sceLibFont,
0x1EF26F3B,0x034224,func_00034224,57,0,5,0,1,0,,sceLibFont,
0x44981B5C,0x034308,func_00034308,52,0,4,0,1,0,,,
0x33370F7D,0x0343D8,func_000343D8,82,0,4,0,1,0,,,
0x5C44C1FE,0x03474C,func_0003474C,93,0,3,0,1,0,,,
0x0F2CF58F,0x0348C0,func_000348C0,100,0,5,0,1,0,,sceLibFont,
0xCBB02452,0x034A50,func_00034A50,21,0,4,0,0,0,,sceLibFont,
0xA86A146D,0x0356CC,func_000356CC,45,0,7,0,0,0,,sceLibFont,
0x277E7DB6,0x035FE0,func_00035FE0,38,0,2,0,1,0,,ThreadManForUser,
0x77682C7E,0x036078,func_00036078,38,0,2,0,1,0,,ThreadManForUser,
0xADC53C9F,0x037384,func_00037384,16,0,1,0,0,0,,,
0xEC024F5D,0x0373C4,func_000373C4,48,0,3,0,1,0,sceIoOpen;sceIoRead;sceIoClose,IoFileMgrForUser,
0xD0A6CBCF,0x03B968,func_0003B968,30,0,0,0,1,0,sceUtilityMsgDialogInitStart,sceUtility,
0xA6014E18,0x03B9E0,func_0003B9E0,41,0,0,0,1,0,sceUtilityMsgDialogGetStatus;sceUtilityMsgDialogUpdate;sceUtilityMsgDialogShutdownStart,sceGe_user;sceUtility,
0x13A370A3,0x03BA84,func_0003BA84,30,0,0,0,1,0,sceUtilityMsgDialogInitStart,sceUtility,
0x27DDA128,0x03BAFC,func_0003BAFC,41,0,0,0,1,0,sceUtilityMsgDialogGetStatus;sceUtilityMsgDialogUpdate;sceUtilityMsgDialogShutdownStart,sceGe_user;sceUtility,
0x870ECE87,0x03BBA0,func_0003BBA0,30,0,0,0,1,0,sceUtilityMsgDialogInitStart,sceUtility,
0x9FD1DB61,0x03BC18,func_0003BC18,41,0,0,0,1,0,sceUtilityMsgDialogGetStatus;sceUtilityMsgDialogUpdate;sceUtilityMsgDialogShutdownStart,sceGe_user;sceUtility,
0x9DE08895,0x03BE64,func_0003BE64,17,0,0,0,1,0,SysMemUserForUser_13A5ABEF,SysMemUserForUser,
0xF5EC30FE,0x03C188,func_0003C188,8,0,0,0,1,0,,,
0xC4637433,0x03C250,func_0003C250,19,0,2,0,0,0,,ThreadManForUser;sceAtrac3plus;sceSasCore,
0x5D41F62F,0x03C2BC,func_0003C2BC,16,0,2,0,1,0,,ThreadManForUser;sceAtrac3plus;sceSasCore,
0x3DC5EFD8,0x03C324,func_0003C324,3,0,0,0,0,0,,ThreadManForUser;sceAtrac3plus;sceSasCore,
0x29CE6332,0x03C33C,func_0003C33C,3,0,0,0,0,0,,ThreadManForUser;sceAtrac3plus;sceSasCore,
0x4B3EF565,0x03C348,func_0003C348,3,0,1,0,0,0,,ThreadManForUser;sceAtrac3plus;sceSasCore,
0x32CF07D7,0x03C378,func_0003C378,3,0,1,0,0,0,,ThreadManForUser;sceAtrac3plus;sceSasCore,
0x75042AB0,0x03C51C,func_0003C51C,5,0,0,0,0,0,,,
0xC9898F12,0x03FF60,func_0003FF60,196,0,2,0,1,0,ModuleMgrForUser_50F0C1EC;sceLibFont_67F17ED7;sceLibFont_A834319D;sceLibFont_099EF33C;sceLibFont_0DA7535E;sceLibFont_EE232411,IoFileMgrForUser;Kernel_Library;ModuleMgrForUser;SysMemUserForUser;ThreadManForUser;sceLibFont,
0xFBE2B76F,0x040270,func_00040270,29,0,0,0,1,0,sceLibFont_3AEA8CB6;UtilsForUser_79D1C3FA;sceLibFont_574B6FBC;ModuleMgrForUser_D1FF982A;ModuleMgrForUser_2E0911AA,ModuleMgrForUser;UtilsForUser;sceLibFont,
0x1285C5D4,0x04030C,func_0004030C,128,0,5,0,1,0,,sceLibFont,
0x213AA351,0x0405BC,func_000405BC,47,0,8,0,1,0,,Kernel_Library;SysMemUserForUser;sceLibFont,
0x843DFC9B,0x040678,func_00040678,44,0,8,0,1,0,,Kernel_Library;SysMemUserForUser;sceLibFont,
0x379A5D54,0x040728,func_00040728,47,0,8,0,1,0,,Kernel_Library;SysMemUserForUser;sceLibFont,
0x60492D87,0x043278,func_00043278,5,0,0,0,1,1,,,
0x90B7D870,0x0473B8,func_000473B8,18,0,0,0,1,0,,ThreadManForUser,
0x7BCFA60E,0x047400,func_00047400,18,0,0,0,1,0,,ThreadManForUser,
0x430506CF,0x047448,func_00047448,19,0,0,0,1,0,ModuleMgrForUser_50F0C1EC,ModuleMgrForUser;ThreadManForUser,
0x2CBACB65,0x04B29C,func_0004B29C,16,0,2,0,0,0,,,
0xD14AC828,0x04B2DC,func_0004B2DC,12,0,1,0,0,0,,,
0x090CB0EA,0x04B8A8,func_0004B8A8,9,0,0,0,0,0,,,
0x483EFDCB,0x04B8F0,func_0004B8F0,9,0,0,0,0,0,,,
0x776C1664,0x04B914,func_0004B914,9,0,0,0,0,0,,,
0x7135F23B,0x04B938,func_0004B938,9,0,0,0,0,0,,,
0x0838F3A5,0x04B980,func_0004B980,12,0,1,0,0,0,,,
0xC008B2A6,0x04BAA4,func_0004BAA4,9,0,0,0,0,0,,ThreadManForUser,
0xD6CC2463,0x04BAC8,func_0004BAC8,9,0,0,0,0,0,,ThreadManForUser,
0xDB063454,0x04BB34,func_0004BB34,9,0,0,0,0,0,,ThreadManForUser;sceGe_user;sceNet;sceNetAdhoc;sceNetAdhocMatching;sceNetAdhocctl;sceUmdUser;sceUtility;sceWlanDrv,
0xC2164E23,0x04BB58,func_0004BB58,9,0,0,0,0,0,,sceNet;sceNetAdhoc,
0xBD104161,0x04BB7C,func_0004BB7C,9,0,0,0,0,0,,sceNetAdhoc,
0xD957F48D,0x04BBA0,func_0004BBA0,9,0,0,0,0,0,,,
0x56B8600D,0x04BBC4,func_0004BBC4,9,0,0,0,0,0,,sceNetAdhoc;sceNetAdhocMatching;sceUtility,
0xAD0CFD38,0x04BBE8,func_0004BBE8,9,0,0,0,0,0,,sceNetAdhoc;sceNetAdhocMatching;sceUtility,
0xF75111E2,0x04BC74,func_0004BC74,9,0,0,0,0,0,,,
0x11232FC7,0x04BD60,func_0004BD60,2,0,0,0,0,1,,,
0xB22014A2,0x04BD68,func_0004BD68,2,0,0,0,0,1,,,
0x563241D4,0x04E98C,func_0004E98C,2,0,1,0,0,0,,Kernel_Library;SysMemUserForUser,
0x7C9D58D8,0x04E994,func_0004E994,2,0,1,0,0,0,,Kernel_Library;SysMemUserForUser,
0xA5DA23BF,0x04EB1C,func_0004EB1C,4,0,2,0,1,0,,,
0xA36F1620,0x04EB2C,func_0004EB2C,4,0,2,0,1,0,,,
0xC91EC6B8,0x04F4DC,func_0004F4DC,43,0,0,0,0,0,,Kernel_Library;SysMemUserForUser,
0xA59B0BD6,0x04F588,func_0004F588,45,0,2,0,0,0,,,
0xD45128B2,0x04F63C,func_0004F63C,68,0,2,0,1,0,,Kernel_Library;SysMemUserForUser,
0x40245E80,0x04F7F0,func_0004F7F0,35,0,0,0,0,0,,,
0xC48803A2,0x04FE64,func_0004FE64,15,0,1,0,0,0,,,
0xFA6FC7A4,0x0507B8,func_000507B8,10,0,0,0,1,0,,,
0x8C732074,0x050CC4,func_00050CC4,9,0,0,0,0,0,,,
0x57788A22,0x050CE8,func_00050CE8,15,0,1,0,1,0,,,
0x97DF0A3D,0x050D48,func_00050D48,13,0,0,0,0,0,,,
0x7FEB691D,0x050DA0,func_00050DA0,9,0,0,0,1,0,,,
0xC9C2EA0E,0x050DC4,func_00050DC4,9,0,0,0,0,0,,,
0x87C4D10C,0x050DE8,func_00050DE8,13,0,0,0,0,0,,,
0xF62DC541,0x050E1C,func_00050E1C,9,0,0,0,0,0,,,
0x9D7C12A5,0x050E40,func_00050E40,10,0,0,0,1,0,,,
0x3B28C89A,0x050E9C,func_00050E9C,11,0,0,0,0,0,,,
0x70BB900D,0x050F30,func_00050F30,11,0,0,0,0,0,,,
0x73E8731F,0x050F80,func_00050F80,29,0,1,0,0,0,,,
0x87FF0BD0,0x050FF4,func_00050FF4,9,0,0,0,0,0,,,
0xD6174B8C,0x051018,func_00051018,10,0,0,0,1,0,,,
0x6FF0E90D,0x0510A0,func_000510A0,13,0,0,0,0,0,,,
0x3CBA42E9,0x051230,func_00051230,11,0,0,0,1,0,,,
0x7D5A432D,0x05125C,func_0005125C,17,0,0,0,0,0,,,
0x2934F9EC,0x0512A0,func_000512A0,12,0,0,0,1,0,,,
0xD9934FBE,0x0512D0,func_000512D0,17,0,0,0,0,0,,,
0x059D538D,0x051314,func_00051314,12,0,0,0,1,0,,,
0x202CE24D,0x051344,func_00051344,17,0,0,0,0,0,,,
0x3AFF68BB,0x051388,func_00051388,12,0,0,0,1,0,,,
0xAAFBFE65,0x0513B8,func_000513B8,17,0,0,0,0,0,,,
0x75E7FBD7,0x0513FC,func_000513FC,12,0,0,0,1,0,,,
0x89BFBBBD,0x05142C,func_0005142C,17,0,0,0,0,0,,,
0x3BBDDEF2,0x051470,func_00051470,12,0,0,0,1,0,,,
0x9A7CC725,0x0514A0,func_000514A0,17,0,0,0,0,0,,,
0x86CACA77,0x0514E4,func_000514E4,12,0,0,0,1,0,,,
0x6F671C32,0x051514,func_00051514,17,0,0,0,0,0,,,
0x8F815D61,0x051558,func_00051558,12,0,0,0,1,0,,,
0x079B6274,0x051588,func_00051588,17,0,0,0,0,0,,,
0x31D2EA5C,0x0515CC,func_000515CC,12,0,0,0,1,0,,,
0xA9A73BAB,0x05166C,func_0005166C,17,0,0,0,0,0,,,
0xEDA6714D,0x0516E0,func_000516E0,17,0,0,0,0,0,,,
0x8DE0356C,0x051754,func_00051754,17,0,0,0,0,0,,,
0x4B405BF8,0x051798,func_00051798,12,0,0,0,1,0,,,
0x4FEC1351,0x05183C,func_0005183C,17,0,0,0,0,0,,,
0x3931EEB0,0x051880,func_00051880,12,0,0,0,1,0,,,
0x297D4D80,0x051DE8,func_00051DE8,26,0,1,0,0,0,,,
0x64B18ECB,0x052B3C,func_00052B3C,18,0,2,0,0,0,,,
0x6D463144,0x052EAC,func_00052EAC,14,0,1,0,1,0,,,
0x55CF82EB,0x053278,func_00053278,11,0,1,0,1,0,,,
0x3D86E9BF,0x0532A4,func_000532A4,11,0,1,0,1,0,,,
0x1CA0CECE,0x053458,func_00053458,25,0,2,0,1,0,,,
0x2D966EFA,0x053814,func_00053814,16,0,3,0,0,0,,,
0x0633EF17,0x053854,func_00053854,49,0,3,0,0,0,,,
0xAF9C94D8,0x05397C,func_0005397C,12,0,2,0,0,0,,,
0x7CB077F1,0x0539AC,func_000539AC,12,0,2,0,0,0,,,
0x6F03A81E,0x0539DC,func_000539DC,9,0,0,0,0,0,,,
0xB2798747,0x053A30,func_00053A30,12,0,2,0,0,0,,,
0x5E9DDF31,0x053AFC,func_00053AFC,9,0,0,0,0,0,,,
0x4D8D7EA6,0x053B4C,func_00053B4C,12,0,2,0,0,0,,,
0x9D6B7134,0x053BE0,func_00053BE0,9,0,0,0,0,0,,,
0xE5666206,0x053C04,func_00053C04,58,0,1,0,1,0,,,
0xF0A9754C,0x053F20,func_00053F20,43,0,1,0,1,0,,,
0x6DB9AB2F,0x054174,func_00054174,19,0,2,0,1,0,,,
0x754975A6,0x054268,func_00054268,10,0,0,0,1,0,,,
0xE8933BD8,0x05456C,func_0005456C,15,0,2,0,0,0,,,
0xBB8E7F5D,0x0545A8,func_000545A8,11,0,1,0,1,0,,,
0x0E1394AE,0x054990,func_00054990,10,0,0,0,1,0,,,
0xB82A7187,0x0549B8,func_000549B8,10,0,0,0,1,0,,,
0x916344C2,0x0549E0,func_000549E0,10,0,0,0,1,0,,,
0x8C14DFE9,0x054A30,func_00054A30,10,0,0,0,1,0,,,
0x951CE88A,0x055B30,func_00055B30,18,0,2,0,0,0,,,
0x3DF375C0,0x055B78,func_00055B78,26,0,1,0,0,0,,,
0x1D86A38A,0x055BE0,func_00055BE0,14,0,0,0,1,0,,,
0xE50611D5,0x055C54,func_00055C54,12,0,1,0,1,0,,,
0x01FF2926,0x055D2C,func_00055D2C,12,0,1,0,1,0,,,
0x18A71693,0x057058,func_00057058,8,0,0,0,1,0,,,
0xE8869D4F,0x057078,func_00057078,30,0,1,0,1,1,,,
0x49445C9F,0x05717C,func_0005717C,30,0,1,0,1,1,,,
0x48CEF02B,0x0571F4,func_000571F4,35,0,1,0,1,1,,,
0x6D0A6831,0x058A04,func_00058A04,8,0,0,0,1,0,,,
0x0E83FDE4,0x058B50,func_00058B50,16,0,1,0,1,0,,,
0xC90F96BF,0x058B90,func_00058B90,8,0,0,0,1,0,,,
0x508112BC,0x058DCC,func_00058DCC,8,0,0,0,1,0,,,
0x74E8AEDB,0x058DEC,func_00058DEC,10,0,1,0,1,1,,,
0xD69ADF86,0x058E58,func_00058E58,14,0,0,0,1,0,,,
0x403E8764,0x058F54,func_00058F54,8,0,0,0,1,0,,,
0x13D04A29,0x058F9C,func_00058F9C,8,0,0,0,1,0,,,
0xFBE0879A,0x058FE4,func_00058FE4,21,0,5,0,0,0,,,
0x7B534759,0x059038,func_00059038,15,0,4,0,0,1,,,
0xB592601A,0x059074,func_00059074,20,0,3,0,1,0,,,
0xD7A7E8EE,0x0590C4,func_000590C4,28,0,3,0,1,0,,,
0x1A9D30C8,0x059134,func_00059134,28,0,3,0,1,0,,,
0x62D24E04,0x0591A4,func_000591A4,26,0,3,0,1,0,,,
0x9D649F7B,0x05920C,func_0005920C,8,0,0,0,1,0,,,
0xB6BF2658,0x05922C,func_0005922C,22,0,0,0,1,0,,,
0x0744F3E3,0x059284,func_00059284,20,0,4,0,1,0,,,
0x3544AA2A,0x0592D4,func_000592D4,19,0,3,0,0,0,,,
0x9D9F1E8F,0x059610,func_00059610,19,0,0,0,1,0,,,
0x16A503D9,0x05965C,func_0005965C,2,0,0,0,1,1,,,
0x36730B01,0x059664,func_00059664,17,0,1,0,1,0,,,
0x17E6E292,0x05986C,func_0005986C,3,0,0,0,1,1,,,
0x237AA884,0x059878,func_00059878,3,0,0,0,1,1,,,
0x28C8CB55,0x059884,func_00059884,3,0,0,0,1,1,,,
0x8ECDC514,0x059890,func_00059890,3,0,0,0,1,1,,,
0x0E902A33,0x05989C,func_0005989C,3,0,0,0,1,1,,,
0xEABBA54E,0x0598A8,func_000598A8,3,0,0,0,1,1,,,
0x950485E5,0x0598B4,func_000598B4,3,0,0,0,1,1,,,
0x7C2282B5,0x0598C0,func_000598C0,3,0,0,0,1,1,,,
0x74003620,0x0598CC,func_000598CC,3,0,0,0,1,1,,,
0xF3ADEF95,0x0598D8,func_000598D8,3,0,0,0,1,1,,,
0x1B098197,0x0598E4,func_000598E4,3,0,0,0,1,1,,,
0x8180D334,0x0598F0,func_000598F0,3,0,0,0,1,1,,,
0x989A81A0,0x0599CC,func_000599CC,10,0,0,0,1,0,,,
0x1268A00D,0x0599F4,func_000599F4,10,0,0,0,1,0,,,
0x24B3AAB3,0x059A1C,func_00059A1C,10,0,0,0,1,0,,,
0xDA7D8B08,0x05A4A0,func_0005A4A0,2,0,0,0,1,1,,,
0x21F4A7B2,0x05D408,func_0005D408,42,0,1,0,1,1,,,
0xF2B4771C,0x05E9B4,func_0005E9B4,41,0,1,0,1,0,,,
0x639A4DDE,0x05EA70,func_0005EA70,6,0,1,0,0,0,,,
0xE1A3F0EA,0x05EC40,func_0005EC40,4,0,1,0,0,0,,,
0xCDC79758,0x05ECB0,func_0005ECB0,4,0,1,0,0,0,,,
0x248FDAB9,0x05ED98,func_0005ED98,4,0,1,0,0,0,,,
0x146B0409,0x05EE1C,func_0005EE1C,4,0,1,0,0,0,,,
0x404CCF3D,0x05EE6C,func_0005EE6C,4,0,1,0,0,0,,,
0xCFCE28A5,0x05EE7C,func_0005EE7C,4,0,1,0,0,0,,,
0xB589BDD5,0x05EE8C,func_0005EE8C,4,0,1,0,0,0,,,
0x50E78DD6,0x05EE9C,func_0005EE9C,4,0,1,0,0,0,,,
0xCD241286,0x05F18C,func_0005F18C,4,0,1,0,0,0,,,
0x1618EC6A,0x06C6F4,func_0006C6F4,16,0,0,0,1,0,,scePsmfPlayer,
0xCA55DBB1,0x06C734,func_0006C734,202,0,3,0,1,0,sceKernelCreateCallback;sceUmdRegisterUMDCallBack;scePower_04B7766E;sceUmdActivate;sceMpeg_682A619B;ThreadManForUser_94AA61EE;sceDisplay_46F186C3;sceSuspendForUser_090CCB3F;ThreadManForUser_68DA9E36;sceMpeg_874624D6;scePower_DFA8BAF8;sceKernelDeleteCallback;sceUmdUnRegisterUMDCallBack,Kernel_Library;SysMemUserForUser;ThreadManForUser;sceAudio;sceCtrl;sceDisplay;sceGe_user;sceMpeg;scePower;scePsmfPlayer;sceSuspendForUser;sceUmdUser,
0x977DE386,0x06E02C,ModuleMgrForUser_977DE386,0,0,0,0,0,1,,ModuleMgrForUser,ModuleMgrForUser
0xB7F46618,0x06E034,ModuleMgrForUser_B7F46618,0,0,0,0,0,1,,ModuleMgrForUser,ModuleMgrForUser
0xCC1D3699,0x06E03C,ModuleMgrForUser_CC1D3699,0,0,0,0,0,1,,ModuleMgrForUser,ModuleMgrForUser
0x748CBED9,0x06E01C,ModuleMgrForUser_748CBED9,0,0,0,0,0,1,,ModuleMgrForUser,ModuleMgrForUser
0xF0A26395,0x06E004,ModuleMgrForUser_F0A26395,0,0,0,0,0,1,,ModuleMgrForUser,ModuleMgrForUser
0xD8B73127,0x06DFFC,ModuleMgrForUser_D8B73127,0,0,0,0,0,1,,ModuleMgrForUser,ModuleMgrForUser
0x644395E2,0x06E014,ModuleMgrForUser_644395E2,0,0,0,0,0,1,,ModuleMgrForUser,ModuleMgrForUser
0x79D1C3FA,0x06E3B4,UtilsForUser_79D1C3FA,0,0,0,0,0,1,,UtilsForUser,UtilsForUser
0xB435DEC5,0x06E3C4,UtilsForUser_B435DEC5,0,0,0,0,0,1,,UtilsForUser,UtilsForUser
0x37FB5C42,0x06E3DC,UtilsForUser_37FB5C42,0,0,0,0,0,1,,UtilsForUser,UtilsForUser
0x13A5ABEF,0x06E05C,SysMemUserForUser_13A5ABEF,0,0,0,0,0,1,,SysMemUserForUser,SysMemUserForUser
0x9FA03CD3,0x06E33C,ThreadManForUser_9FA03CD3,0,0,0,0,0,1,,ThreadManForUser,ThreadManForUser
0xAA73C935,0x06E354,ThreadManForUser_AA73C935,0,0,0,0,0,1,,ThreadManForUser,ThreadManForUser
0x809CE29B,0x06E2CC,ThreadManForUser_809CE29B,0,0,0,0,0,1,,ThreadManForUser,ThreadManForUser
0x616403BA,0x06E274,ThreadManForUser_616403BA,0,0,0,0,0,1,,ThreadManForUser,ThreadManForUser
0x3AD58B8C,0x06E204,ThreadManForUser_3AD58B8C,0,0,0,0,0,1,,ThreadManForUser,ThreadManForUser
0x27E22EC2,0x06E1BC,ThreadManForUser_27E22EC2,0,0,0,0,0,1,,ThreadManForUser,ThreadManForUser
0x71BC9871,0x06E2AC,ThreadManForUser_71BC9871,0,0,0,0,0,1,,ThreadManForUser,ThreadManForUser
0x912354A7,0x06E31C,ThreadManForUser_912354A7,0,0,0,0,0,1,,ThreadManForUser,ThreadManForUser
0x2C34E053,0x06E1CC,ThreadManForUser_2C34E053,0,0,0,0,0,1,,ThreadManForUser,ThreadManForUser
0x293B45B8,0x06DFC4,Kernel_Library_293B45B8,0,0,0,0,0,1,,Kernel_Library,Kernel_Library
0x3B183E26,0x06E20C,ThreadManForUser_3B183E26,0,0,0,0,0,1,,ThreadManForUser,ThreadManForUser
0x17C1684E,0x06E2F4,ThreadManForUser_17C1684E,0,0,0,0,0,1,,ThreadManForUser,ThreadManForUser
0xFFC36A14,0x06E1AC,ThreadManForUser_FFC36A14,0,0,0,0,0,1,,ThreadManForUser,ThreadManForUser
0xBC80EC7C,0x06E0AC,ThreadManForUser_BC80EC7C,0,0,0,0,0,1,,ThreadManForUser,ThreadManForUser
0xD13BDE95,0x06DFB4,Kernel_Library_D13BDE95,0,0,0,0,0,1,,Kernel_Library,Kernel_Library
0x52089CA1,0x06E234,ThreadManForUser_52089CA1,0,0,0,0,0,1,,ThreadManForUser,ThreadManForUser
0x9ACE131E,0x06E334,ThreadManForUser_9ACE131E,0,0,0,0,0,1,,ThreadManForUser,ThreadManForUser
0x82826F70,0x06E2E4,ThreadManForUser_82826F70,0,0,0,0,0,1,,ThreadManForUser,ThreadManForUser
0xD59EAD2F,0x06E0FC,ThreadManForUser_D59EAD2F,0,0,0,0,0,1,,ThreadManForUser,ThreadManForUser
0xFCCFAD26,0x06E1A4,ThreadManForUser_FCCFAD26,0,0,0,0,0,1,,ThreadManForUser,ThreadManForUser
0x1AF94D03,0x06E0A4,ThreadManForUser_1AF94D03,0,0,0,0,0,1,,ThreadManForUser,ThreadManForUser
0x9944F31F,0x06E32C,ThreadManForUser_9944F31F,0,0,0,0,0,1,,ThreadManForUser,ThreadManForUser
0x75156E8F,0x06E2BC,ThreadManForUser_75156E8F,0,0,0,0,0,1,,ThreadManForUser,ThreadManForUser
0x278C0DF5,0x06E1B4,ThreadManForUser_278C0DF5,0,0,0,0,0,1,,ThreadManForUser,ThreadManForUser
0x840E8133,0x06E2FC,ThreadManForUser_840E8133,0,0,0,0,0,1,,ThreadManForUser,ThreadManForUser
0x4E3A1105,0x06E22C,ThreadManForUser_4E3A1105,0,0,0,0,0,1,,ThreadManForUser,ThreadManForUser
0x8FFDF9A2,0x06E314,ThreadManForUser_8FFDF9A2,0,0,0,0,0,1,,ThreadManForUser,ThreadManForUser
0xBC6FEBC5,0x06E3A4,ThreadManForUser_BC6FEBC5,0,0,0,0,0,1,,ThreadManForUser,ThreadManForUser
0x402FCF22,0x06E21C,ThreadManForUser_402FCF22,0,0,0,0,0,1,,ThreadManForUser,ThreadManForUser
0x30FD48F0,0x06E1D4,ThreadManForUser_30FD48F0,0,0,0,0,0,1,,ThreadManForUser,ThreadManForUser
0xCD203292,0x06E0DC,ThreadManForUser_CD203292,0,0,0,0,0,1,,ThreadManForUser,ThreadManForUser
0xA66B0120,0x06E344,ThreadManForUser_A66B0120,0,0,0,0,0,1,,ThreadManForUser,ThreadManForUser
0xE7282CB6,0x06E144,ThreadManForUser_E7282CB6,0,0,0,0,0,1,,ThreadManForUser,ThreadManForUser
0x623AE665,0x06E27C,ThreadManForUser_623AE665,0,0,0,0,0,1,,ThreadManForUser,ThreadManForUser
0xA8AA591F,0x06E34C,ThreadManForUser_A8AA591F,0,0,0,0,0,1,,ThreadManForUser,ThreadManForUser
0xD8199E4C,0x06E10C,ThreadManForUser_D8199E4C,0,0,0,0,0,1,,ThreadManForUser,ThreadManForUser
0xDB738F35,0x06E12C,ThreadManForUser_DB738F35,0,0,0,0,0,1,,ThreadManForUser,ThreadManForUser
0x369ED59D,0x06E1EC,ThreadManForUser_369ED59D,0,0,0,0,0,1,,ThreadManForUser,ThreadManForUser
0xCEADEB47,0x06E0E4,ThreadManForUser_CEADEB47,0,0,0,0,0,1,,ThreadManForUser,ThreadManForUser
0x68DA9E36,0x06E294,ThreadManForUser_68DA9E36,0,0,0,0,0,1,,ThreadManForUser,ThreadManForUser
0xBD123D9E,0x06E0B4,ThreadManForUser_BD123D9E,0,0,0,0,0,1,,ThreadManForUser,ThreadManForUser
0x1181E963,0x06E2B4,ThreadManForUser_1181E963,0,0,0,0,0,1,,ThreadManForUser,ThreadManForUser
0x6652B8CA,0x06E28C,ThreadManForUser_6652B8CA,0,0,0,0,0,1,,ThreadManForUser,ThreadManForUser
0xB2C25152,0x06E374,ThreadManForUser_B2C25152,0,0,0,0,0,1,,ThreadManForUser,ThreadManForUser
0x7E65B999,0x06E2C4,ThreadManForUser_7E65B999,0,0,0,0,0,1,,ThreadManForUser,ThreadManForUser
0xDAA3F564,0x06E124,ThreadManForUser_DAA3F564,0,0,0,0,0,1,,ThreadManForUser,ThreadManForUser
0x110DEC9A,0x06E284,ThreadManForUser_110DEC9A,0,0,0,0,0,1,,ThreadManForUser,ThreadManForUser
0xBA6B92E2,0x06E39C,ThreadManForUser_BA6B92E2,0,0,0,0,0,1,,ThreadManForUser,ThreadManForUser
0xC8CD158C,0x06E0D4,ThreadManForUser_C8CD158C,0,0,0,0,0,1,,ThreadManForUser,ThreadManForUser
0xE1619D7C,0x06E13C,ThreadManForUser_E1619D7C,0,0,0,0,0,1,,ThreadManForUser,ThreadManForUser
0xB3A59970,0x06E37C,ThreadManForUser_B3A59970,0,0,0,0,0,1,,ThreadManForUser,ThreadManForUser
0x034A921F,0x06E09C,ThreadManForUser_034A921F,0,0,0,0,0,1,,ThreadManForUser,ThreadManForUser
0x542AD630,0x06E244,ThreadManForUser_542AD630,0,0,0,0,0,1,,ThreadManForUser,ThreadManForUser
0xC68D9437,0x06E0CC,ThreadManForUser_C68D9437,0,0,0,0,0,1,,ThreadManForUser,ThreadManForUser
0xD0AEEE87,0x06E0EC,ThreadManForUser_D0AEEE87,0,0,0,0,0,1,,ThreadManForUser,ThreadManForUser
0xD8B299AE,0x06E114,ThreadManForUser_D8B299AE,0,0,0,0,0,1,,ThreadManForUser,ThreadManForUser
0xD2D615EF,0x06E0F4,ThreadManForUser_D2D615EF,0,0,0,0,0,1,,ThreadManForUser,ThreadManForUser
0xB7C18B77,0x06E38C,ThreadManForUser_B7C18B77,0,0,0,0,0,1,,ThreadManForUser,ThreadManForUser
0xC0B3FFD2,0x06E0C4,ThreadManForUser_C0B3FFD2,0,0,0,0,0,1,,ThreadManForUser,ThreadManForUser
0xFB6425C3,0x06E19C,ThreadManForUser_FB6425C3,0,0,0,0,0,1,,ThreadManForUser,ThreadManForUser
0x53B00E9A,0x06E23C,ThreadManForUser_53B00E9A,0,0,0,0,0,1,,ThreadManForUser,ThreadManForUser
0x5F32BEAA,0x06E264,ThreadManForUser_5F32BEAA,0,0,0,0,0,1,,ThreadManForUser,ThreadManForUser
0xF919F628,0x06E06C,SysMemUserForUser_F919F628,0,0,0,0,0,1,,SysMemUserForUser,SysMemUserForUser
0xA291F107,0x06E08C,SysMemUserForUser_A291F107,0,0,0,0,0,1,,SysMemUserForUser,SysMemUserForUser
0xF27A9C51,0x06DF5C,sceIoRemove,0,0,1,0,1,1,sceIoRemove,IoFileMgrForUser,IoFileMgrForUser:sceIoRemove(s)
0x06A70004,0x06DE94,sceIoMkdir,0,0,2,0,1,1,sceIoMkdir,IoFileMgrForUser,IoFileMgrForUser:sceIoMkdir(si)
0x1117C65F,0x06DF74,sceIoRmdir,0,0,1,0,1,1,sceIoRmdir,IoFileMgrForUser,IoFileMgrForUser:sceIoRmdir(s)
0x779103A0,0x06DEDC,sceIoRename,0,0,2,0,1,1,sceIoRename,IoFileMgrForUser,IoFileMgrForUser:sceIoRename(ss)
0x55F4717D,0x06DEAC,sceIoChdir,0,0,1,0,1,1,sceIoChdir,IoFileMgrForUser,IoFileMgrForUser:sceIoChdir(s)
0x54F5FB11,0x06DEA4,sceIoDevctl,0,0,6,0,1,1,sceIoDevctl,IoFileMgrForUser,IoFileMgrForUser:sceIoDevctl(sxpipi)
0xAB96437F,0x06DF0C,sceIoSync,0,0,2,0,1,1,sceIoSync,IoFileMgrForUser,IoFileMgrForUser:sceIoSync(si)
0x08BD7374,0x06DEEC,sceIoGetDevType,0,0,1,0,1,1,sceIoGetDevType,IoFileMgrForUser,IoFileMgrForUser:sceIoGetDevType(i)
0x109F50BC,0x06DF6C,sceIoOpen,0,0,3,0,1,1,sceIoOpen,IoFileMgrForUser,IoFileMgrForUser:sceIoOpen(sii)
0x810C4BC3,0x06DEE4,sceIoClose,0,0,1,0,1,1,sceIoClose,IoFileMgrForUser,IoFileMgrForUser:sceIoClose(i)
0x63632449,0x06DEBC,sceIoIoctl,0,0,6,0,1,1,sceIoIoctl,IoFileMgrForUser,IoFileMgrForUser:sceIoIoctl(ixpipi)
0x27EB27B8,0x06DF84,sceIoLseek,0,0,3,0,1,1,sceIoLseek,IoFileMgrForUser,IoFileMgrForUser:sceIoLseek(iIi)
0x68963324,0x06DEC4,sceIoLseek32,0,0,3,0,1,1,sceIoLseek32,IoFileMgrForUser,IoFileMgrForUser:sceIoLseek32(iii)
0x6A638D83,0x06DECC,sceIoRead,0,0,3,0,1,1,sceIoRead,IoFileMgrForUser,IoFileMgrForUser:sceIoRead(ixi)
0x42EC03AC,0x06DE9C,sceIoWrite,0,0,3,0,1,1,sceIoWrite,IoFileMgrForUser,IoFileMgrForUser:sceIoWrite(ixi)
0x3251EA56,0x06DF8C,sceIoPollAsync,0,0,2,0,1,1,sceIoPollAsync,IoFileMgrForUser,IoFileMgrForUser:sceIoPollAsync(iP)
0xE23EEC33,0x06DF2C,sceIoWaitAsync,0,0,2,0,1,1,sceIoWaitAsync,IoFileMgrForUser,IoFileMgrForUser:sceIoWaitAsync(iP)
0x35DBD746,0x06DF94,sceIoWaitAsyncCB,0,0,2,0,1,1,sceIoWaitAsyncCB,IoFileMgrForUser,IoFileMgrForUser:sceIoWaitAsyncCB(iP)
0xA12A0514,0x06DF04,sceIoSetAsyncCallback,0,0,3,0,1,1,sceIoSetAsyncCallback,IoFileMgrForUser,IoFileMgrForUser:sceIoSetAsyncCallback(ixx)
0x89AA9906,0x06DEF4,sceIoOpenAsync,0,0,3,0,1,1,sceIoOpenAsync,IoFileMgrForUser,IoFileMgrForUser:sceIoOpenAsync(sii)
0xFF5940B6,0x06DF64,sceIoCloseAsync,0,0,1,0,1,1,sceIoCloseAsync,IoFileMgrForUser,IoFileMgrForUser:sceIoCloseAsync(i)
0xE95A012B,0x06DF4C,sceIoIoctlAsync,0,0,6,0,1,1,sceIoIoctlAsync,IoFileMgrForUser,IoFileMgrForUser:sceIoIoctlAsync(ixpipi)
0x71B19E77,0x06DED4,sceIoLseekAsync,0,0,3,0,1,1,sceIoLseekAsync,IoFileMgrForUser,IoFileMgrForUser:sceIoLseekAsync(iIi)
0x1B385D8F,0x06DF7C,sceIoLseek32Async,0,0,3,0,1,1,sceIoLseek32Async,IoFileMgrForUser,IoFileMgrForUser:sceIoLseek32Async(iii)
0xA0B5A7C2,0x06DEFC,sceIoReadAsync,0,0,3,0,1,1,sceIoReadAsync,IoFileMgrForUser,IoFileMgrForUser:sceIoReadAsync(ixi)
0x0FACAB19,0x06DF3C,sceIoWriteAsync,0,0,3,0,1,1,sceIoWriteAsync,IoFileMgrForUser,IoFileMgrForUser:sceIoWriteAsync(ixi)
0xB293727F,0x06DF1C,sceIoChangeAsyncPriority,0,0,2,0,1,1,sceIoChangeAsyncPriority,IoFileMgrForUser,IoFileMgrForUser:sceIoChangeAsyncPriority(ix)
0xE8BC6571,0x06DF44,sceIoCancel,0,0,1,0,1,1,sceIoCancel,IoFileMgrForUser,IoFileMgrForUser:sceIoCancel(i)
0x5C2BE2CC,0x06DEB4,sceIoGetFdList,0,0,3,0,1,1,sceIoGetFdList,IoFileMgrForUser,IoFileMgrForUser:sceIoGetFdList(xip)
0xACE946E8,0x06DF14,sceIoGetstat,0,0,2,0,1,1,sceIoGetstat,IoFileMgrForUser,IoFileMgrForUser:sceIoGetstat(sx)
0x6B4A146C,0x06E614,sceUmdGetDriveStat,0,0,0,0,1,1,sceUmdGetDriveStat,sceUmdUser,sceUmdUser:sceUmdGetDriveStat()
